
> Configure project :
Passing arguments to CLI: entity loadAll

> Task :processResources UP-TO-DATE
> Task :quarkusGenerateCode UP-TO-DATE
> Task :quarkusGenerateCodeDev UP-TO-DATE
> Task :compileJava UP-TO-DATE
> Task :compileGroovy UP-TO-DATE
> Task :classes UP-TO-DATE

> Task :SunsetERP
Loading all entities...
java.io.BufferedInputStream@452e19ca
Config.java using configuration file load-data.properties
Set OFBIZ_HOME to - /home/jn/Projects/Personal/SunsetERP/build
isUseShutdownHook: false
Shutdown hook disabled
[Startup] Loading component-container...
Trying to load plugins
Loading component: plugins
[Startup] Loading containers...
future = java.util.concurrent.FutureTask@2650f79[Not completed, task = org.sitenetsoft.sunseterp.framework.entity.DelegatorFactory$DelegatorConfigurable@6cd166b8]
====++++++++++++++++++++++++==== this.delegatorInfo: org.sitenetsoft.sunseterp.framework.entity.config.model.DelegatorElement@5a458c7b
entityName: ShoppingListItemAttribute
this.delegatorBaseName: default
fieldTypeInfo: org.sitenetsoft.sunseterp.framework.entity.config.model.FieldType@324db1a0
EntityConfig.ENTITY_ENGINE_XML_FILENAME: entityengine.xml
fieldTypeInfo.getLoader(): fieldfile
fieldTypeInfo.getLocation(): fieldtypederby.xml
fieldTypeResourceHandler: ResourceHandler from XML file [entityengine.xml] with loaderName [fieldfile] and location [fieldtypederby.xml]
MainResourceHandler.getStream
xmlFilename: entityengine.xml
location: fieldtypederby.xml
loaderName: fieldfile
LOADER_CACHE.values()
[]
xmlUrl: file:/home/jn/Projects/Personal/SunsetERP/build/resources/main/org/sitenetsoft/sunseterp/framework/entity/config/entityengine.xml
++++++++++++++++++++++++++++++++++++++++++++++++++++++++++++++++++++++
loaderElement: [resource-loader: null]
loader: org.sitenetsoft.sunseterp.framework.base.config.FileLoader@a788c7d
#################################loadResource#################################
loader: org.sitenetsoft.sunseterp.framework.base.config.FileLoader@a788c7d
location: fieldtypederby.xml
---------------+++----------------loadResource-----------------+++-----------------
location: fieldtypederby.xml
/home/jn/Projects/Personal/SunsetERP/build/resources
sunseterp.ofbiz.resources.path
/home/jn/Projects/Personal/SunsetERP/build/resources/main/org/sitenetsoft/sunseterp
+++===+++---------------------------------propValue---------------------------------+++===+++
envName: sunseterp.ofbiz.resources.path
propValue: /home/jn/Projects/Personal/SunsetERP/build/resources/main/org/sitenetsoft/sunseterp
prefix: /framework/entity/fieldtype/
location: fieldtypederby.xml
-----------------------------------------------------------------
FileLoader.getURL: fullLocation: /home/jn/Projects/Personal/SunsetERP/build/resources/main/org/sitenetsoft/sunseterp/framework/entity/fieldtype/fieldtypederby.xml
fileUrl: file:/home/jn/Projects/Personal/SunsetERP/build/resources/main/org/sitenetsoft/sunseterp/framework/entity/fieldtype/fieldtypederby.xml
entityName: Budget
this.delegatorBaseName: default
entityName: BudgetAttribute
this.delegatorBaseName: default
entityName: BudgetItem
this.delegatorBaseName: default
entityName: BudgetItemAttribute
this.delegatorBaseName: default
entityName: BudgetItemType
this.delegatorBaseName: default
entityName: BudgetItemTypeAttr
this.delegatorBaseName: default
entityName: BudgetReview
this.delegatorBaseName: default
entityName: BudgetReviewResultType
this.delegatorBaseName: default
entityName: BudgetRevision
this.delegatorBaseName: default
entityName: BudgetRevisionImpact
this.delegatorBaseName: default
entityName: BudgetRole
this.delegatorBaseName: default
entityName: BudgetScenario
this.delegatorBaseName: default
entityName: BudgetScenarioApplication
this.delegatorBaseName: default
entityName: BudgetScenarioRule
this.delegatorBaseName: default
entityName: BudgetStatus
this.delegatorBaseName: default
entityName: BudgetType
this.delegatorBaseName: default
entityName: BudgetTypeAttr
this.delegatorBaseName: default
entityName: FinAccount
this.delegatorBaseName: default
entityName: FinAccountAndRole
this.delegatorBaseName: default
entityName: FinAccountAttribute
this.delegatorBaseName: default
entityName: FinAccountAuth
this.delegatorBaseName: default
entityName: FinAccountAuthSum
this.delegatorBaseName: default
entityName: FinAccountRole
this.delegatorBaseName: default
entityName: FinAccountStatus
this.delegatorBaseName: default
entityName: FinAccountTrans
this.delegatorBaseName: default
entityName: FinAccountTransAttribute
this.delegatorBaseName: default
entityName: FinAccountTransSum
this.delegatorBaseName: default
entityName: FinAccountTransType
this.delegatorBaseName: default
entityName: FinAccountTransTypeAttr
this.delegatorBaseName: default
entityName: FinAccountType
this.delegatorBaseName: default
entityName: FinAccountTypeAttr
this.delegatorBaseName: default
entityName: FinAccountTypeGlAccount
this.delegatorBaseName: default
entityName: PaymentMethodAndFinAccount
this.delegatorBaseName: default
entityName: PmtGrpMembrPaymentAndFinAcctTrans
this.delegatorBaseName: default
entityName: AccommodationClass
this.delegatorBaseName: default
entityName: AccommodationMap
this.delegatorBaseName: default
entityName: AccommodationMapType
this.delegatorBaseName: default
entityName: FixedAsset
this.delegatorBaseName: default
entityName: FixedAssetAndGeoPoint
this.delegatorBaseName: default
entityName: FixedAssetAttribute
this.delegatorBaseName: default
entityName: FixedAssetDepMethod
this.delegatorBaseName: default
entityName: FixedAssetGeoPoint
this.delegatorBaseName: default
entityName: FixedAssetIdent
this.delegatorBaseName: default
entityName: FixedAssetIdentType
this.delegatorBaseName: default
entityName: FixedAssetMaint
this.delegatorBaseName: default
entityName: FixedAssetMaintOrder
this.delegatorBaseName: default
entityName: FixedAssetMaintWorkEffort
this.delegatorBaseName: default
entityName: FixedAssetMeter
this.delegatorBaseName: default
entityName: FixedAssetProduct
this.delegatorBaseName: default
entityName: FixedAssetProductType
this.delegatorBaseName: default
entityName: FixedAssetRegistration
this.delegatorBaseName: default
entityName: FixedAssetStdCost
this.delegatorBaseName: default
entityName: FixedAssetStdCostType
this.delegatorBaseName: default
entityName: FixedAssetType
this.delegatorBaseName: default
entityName: FixedAssetTypeAttr
this.delegatorBaseName: default
entityName: FixedAssetTypeGlAccount
this.delegatorBaseName: default
entityName: PartyFixedAssetAssignAndRole
this.delegatorBaseName: default
entityName: PartyFixedAssetAssignment
this.delegatorBaseName: default
entityName: AgreementContentAndInfo
this.delegatorBaseName: default
entityName: InvItemAndOrdItem
this.delegatorBaseName: default
entityName: Invoice
this.delegatorBaseName: default
entityName: InvoiceAndApplAndPayment
this.delegatorBaseName: default
entityName: InvoiceAndRole
this.delegatorBaseName: default
entityName: InvoiceAndType
this.delegatorBaseName: default
entityName: InvoiceAttribute
this.delegatorBaseName: default
entityName: InvoiceContactMech
this.delegatorBaseName: default
entityName: InvoiceContent
this.delegatorBaseName: default
entityName: InvoiceContentAndInfo
this.delegatorBaseName: default
entityName: InvoiceContentType
this.delegatorBaseName: default
entityName: InvoiceItem
this.delegatorBaseName: default
entityName: InvoiceItemAndAssocProduct
this.delegatorBaseName: default
entityName: InvoiceItemAndShipmentView
this.delegatorBaseName: default
entityName: InvoiceItemAssoc
this.delegatorBaseName: default
entityName: InvoiceItemAssocType
this.delegatorBaseName: default
entityName: InvoiceItemAttribute
this.delegatorBaseName: default
entityName: InvoiceItemType
this.delegatorBaseName: default
entityName: InvoiceItemTypeAttr
this.delegatorBaseName: default
entityName: InvoiceItemTypeGlAccount
this.delegatorBaseName: default
entityName: InvoiceItemTypeMap
this.delegatorBaseName: default
entityName: InvoiceNote
this.delegatorBaseName: default
entityName: InvoiceRole
this.delegatorBaseName: default
entityName: InvoiceStatus
this.delegatorBaseName: default
entityName: InvoiceTerm
this.delegatorBaseName: default
entityName: InvoiceTermAttribute
this.delegatorBaseName: default
entityName: InvoiceType
this.delegatorBaseName: default
entityName: InvoiceTypeAttr
this.delegatorBaseName: default
entityName: AcctgTrans
this.delegatorBaseName: default
entityName: AcctgTransAndEntries
this.delegatorBaseName: default
entityName: AcctgTransAttribute
this.delegatorBaseName: default
entityName: AcctgTransEntry
this.delegatorBaseName: default
entityName: AcctgTransEntrySums
this.delegatorBaseName: default
entityName: AcctgTransEntryType
this.delegatorBaseName: default
entityName: AcctgTransType
this.delegatorBaseName: default
entityName: AcctgTransTypeAttr
this.delegatorBaseName: default
entityName: GlAccOrgAndAcctgTransAndEntry
this.delegatorBaseName: default
entityName: GlAccount
this.delegatorBaseName: default
entityName: GlAccountAndHistory
this.delegatorBaseName: default
entityName: GlAccountAndHistoryTotals
this.delegatorBaseName: default
entityName: GlAccountCategory
this.delegatorBaseName: default
entityName: GlAccountCategoryMember
this.delegatorBaseName: default
entityName: GlAccountCategoryType
this.delegatorBaseName: default
entityName: GlAccountClass
this.delegatorBaseName: default
entityName: GlAccountGroup
this.delegatorBaseName: default
entityName: GlAccountGroupMember
this.delegatorBaseName: default
entityName: GlAccountGroupType
this.delegatorBaseName: default
entityName: GlAccountHistory
this.delegatorBaseName: default
entityName: GlAccountOrganization
this.delegatorBaseName: default
entityName: GlAccountOrganizationAndClass
this.delegatorBaseName: default
entityName: GlAccountRole
this.delegatorBaseName: default
entityName: GlAccountType
this.delegatorBaseName: default
entityName: GlAccountTypeDefault
this.delegatorBaseName: default
entityName: GlBudgetXref
this.delegatorBaseName: default
entityName: GlFiscalType
this.delegatorBaseName: default
entityName: GlJournal
this.delegatorBaseName: default
entityName: GlReconciliation
this.delegatorBaseName: default
entityName: GlReconciliationEntry
this.delegatorBaseName: default
entityName: GlResourceType
this.delegatorBaseName: default
entityName: GlXbrlClass
this.delegatorBaseName: default
entityName: PartyAcctgPreference
this.delegatorBaseName: default
entityName: PartyGlAccount
this.delegatorBaseName: default
entityName: PartyPrefDocTypeTpl
this.delegatorBaseName: default
entityName: PartyPrefDocTypeTplAndCustomScreen
this.delegatorBaseName: default
entityName: ProductAverageCost
this.delegatorBaseName: default
entityName: ProductAverageCostType
this.delegatorBaseName: default
entityName: SettlementTerm
this.delegatorBaseName: default
entityName: VarianceReasonGlAccount
this.delegatorBaseName: default
entityName: BillingAccount
this.delegatorBaseName: default
entityName: BillingAccountAndRole
this.delegatorBaseName: default
entityName: BillingAccountRole
this.delegatorBaseName: default
entityName: BillingAccountRoleAndAddress
this.delegatorBaseName: default
entityName: BillingAccountTerm
this.delegatorBaseName: default
entityName: BillingAccountTermAttr
this.delegatorBaseName: default
entityName: CheckAccount
this.delegatorBaseName: default
entityName: CreditCard
this.delegatorBaseName: default
entityName: CreditCardTypeGlAccount
this.delegatorBaseName: default
entityName: Deduction
this.delegatorBaseName: default
entityName: DeductionType
this.delegatorBaseName: default
entityName: EftAccount
this.delegatorBaseName: default
entityName: GiftCard
this.delegatorBaseName: default
entityName: GiftCardFulfillment
this.delegatorBaseName: default
entityName: PayPalPaymentMethod
this.delegatorBaseName: default
entityName: Payment
this.delegatorBaseName: default
entityName: PaymentAndApplication
this.delegatorBaseName: default
entityName: PaymentAndType
this.delegatorBaseName: default
entityName: PaymentAndTypeAndCreditCard
this.delegatorBaseName: default
entityName: PaymentAndTypePartyNameView
this.delegatorBaseName: default
entityName: PaymentApplication
this.delegatorBaseName: default
entityName: PaymentAttribute
this.delegatorBaseName: default
entityName: PaymentBudgetAllocation
this.delegatorBaseName: default
entityName: PaymentContent
this.delegatorBaseName: default
entityName: PaymentContentAndInfo
this.delegatorBaseName: default
entityName: PaymentContentType
this.delegatorBaseName: default
entityName: PaymentGatewayAuthorizeNet
this.delegatorBaseName: default
entityName: PaymentGatewayClearCommerce
this.delegatorBaseName: default
entityName: PaymentGatewayConfig
this.delegatorBaseName: default
entityName: PaymentGatewayConfigType
this.delegatorBaseName: default
entityName: PaymentGatewayCyberSource
this.delegatorBaseName: default
entityName: PaymentGatewayEway
this.delegatorBaseName: default
entityName: PaymentGatewayOrbital
this.delegatorBaseName: default
entityName: PaymentGatewayPayPal
this.delegatorBaseName: default
entityName: PaymentGatewayPayflowPro
this.delegatorBaseName: default
entityName: PaymentGatewayRespMsg
this.delegatorBaseName: default
entityName: PaymentGatewayResponse
this.delegatorBaseName: default
entityName: PaymentGatewaySagePay
this.delegatorBaseName: default
entityName: PaymentGatewaySecurePay
this.delegatorBaseName: default
entityName: PaymentGatewayWorldPay
this.delegatorBaseName: default
entityName: PaymentGlAccountTypeMap
this.delegatorBaseName: default
entityName: PaymentGroup
this.delegatorBaseName: default
entityName: PaymentGroupMember
this.delegatorBaseName: default
entityName: PaymentGroupType
this.delegatorBaseName: default
entityName: PaymentMethod
this.delegatorBaseName: default
entityName: PaymentMethodAndCreditCard
this.delegatorBaseName: default
entityName: PaymentMethodAndEftAccount
this.delegatorBaseName: default
entityName: PaymentMethodAndGiftCard
this.delegatorBaseName: default
entityName: PaymentMethodType
this.delegatorBaseName: default
entityName: PaymentMethodTypeGlAccount
this.delegatorBaseName: default
entityName: PaymentType
this.delegatorBaseName: default
entityName: PaymentTypeAttr
this.delegatorBaseName: default
entityName: ValueLinkKey
this.delegatorBaseName: default
entityName: PartyRate
this.delegatorBaseName: default
entityName: RateAmount
this.delegatorBaseName: default
entityName: RateAmountAndRelations
this.delegatorBaseName: default
entityName: RateType
this.delegatorBaseName: default
entityName: InvoiceExport
this.delegatorBaseName: default
entityName: InvoiceItemCategorySummary
this.delegatorBaseName: default
entityName: InvoiceItemProductSummary
this.delegatorBaseName: default
entityName: PartyExport
this.delegatorBaseName: default
entityName: PartyTaxAuthInfo
this.delegatorBaseName: default
entityName: PartyTaxAuthInfoAndDetail
this.delegatorBaseName: default
entityName: TaxAuthority
this.delegatorBaseName: default
entityName: TaxAuthorityAndDetail
this.delegatorBaseName: default
entityName: TaxAuthorityAssoc
this.delegatorBaseName: default
entityName: TaxAuthorityAssocType
this.delegatorBaseName: default
entityName: TaxAuthorityCategory
this.delegatorBaseName: default
entityName: TaxAuthorityCategoryView
this.delegatorBaseName: default
entityName: TaxAuthorityGlAccount
this.delegatorBaseName: default
entityName: TaxAuthorityGlAccountBalance
this.delegatorBaseName: default
entityName: TaxAuthorityRateProduct
this.delegatorBaseName: default
entityName: TaxAuthorityRateType
this.delegatorBaseName: default
entityName: ZipSalesRuleLookup
this.delegatorBaseName: default
entityName: ZipSalesTaxLookup
this.delegatorBaseName: default
entityName: Content
this.delegatorBaseName: default
entityName: ContentAndRole
this.delegatorBaseName: default
entityName: ContentApproval
this.delegatorBaseName: default
entityName: ContentApprovalProductContentAndInfo
this.delegatorBaseName: default
entityName: ContentAssoc
this.delegatorBaseName: default
entityName: ContentAssocDataResourceViewFrom
this.delegatorBaseName: default
entityName: ContentAssocDataResourceViewTo
this.delegatorBaseName: default
entityName: ContentAssocOptViewFrom
this.delegatorBaseName: default
entityName: ContentAssocPredicate
this.delegatorBaseName: default
entityName: ContentAssocType
this.delegatorBaseName: default
entityName: ContentAssocViewFrom
this.delegatorBaseName: default
entityName: ContentAssocViewTo
this.delegatorBaseName: default
entityName: ContentAttribute
this.delegatorBaseName: default
entityName: ContentDataResourceView
this.delegatorBaseName: default
entityName: ContentKeyword
this.delegatorBaseName: default
entityName: ContentMetaData
this.delegatorBaseName: default
entityName: ContentOperation
this.delegatorBaseName: default
entityName: ContentPurpose
this.delegatorBaseName: default
entityName: ContentPurposeOperation
this.delegatorBaseName: default
entityName: ContentPurposeType
this.delegatorBaseName: default
entityName: ContentRevision
this.delegatorBaseName: default
entityName: ContentRevisionItem
this.delegatorBaseName: default
entityName: ContentRole
this.delegatorBaseName: default
entityName: ContentSearchConstraint
this.delegatorBaseName: default
entityName: ContentSearchResult
this.delegatorBaseName: default
entityName: ContentType
this.delegatorBaseName: default
entityName: ContentTypeAttr
this.delegatorBaseName: default
entityName: DataResourceContentView
this.delegatorBaseName: default
entityName: PartyContentDetail
this.delegatorBaseName: default
entityName: SubContentDataResourceView
this.delegatorBaseName: default
entityName: AudioDataResource
this.delegatorBaseName: default
entityName: CharacterSet
this.delegatorBaseName: default
entityName: DataCategory
this.delegatorBaseName: default
entityName: DataResource
this.delegatorBaseName: default
entityName: DataResourceAttribute
this.delegatorBaseName: default
entityName: DataResourceMetaData
this.delegatorBaseName: default
entityName: DataResourcePurpose
this.delegatorBaseName: default
entityName: DataResourceRole
this.delegatorBaseName: default
entityName: DataResourceType
this.delegatorBaseName: default
entityName: DataResourceTypeAttr
this.delegatorBaseName: default
entityName: DataTemplateType
this.delegatorBaseName: default
entityName: ElectronicText
this.delegatorBaseName: default
entityName: FileExtension
this.delegatorBaseName: default
entityName: ImageDataResource
this.delegatorBaseName: default
entityName: MetaDataPredicate
this.delegatorBaseName: default
entityName: MimeType
this.delegatorBaseName: default
entityName: MimeTypeHtmlTemplate
this.delegatorBaseName: default
entityName: OtherDataResource
this.delegatorBaseName: default
entityName: VideoDataResource
this.delegatorBaseName: default
entityName: Document
this.delegatorBaseName: default
entityName: DocumentAttribute
this.delegatorBaseName: default
entityName: DocumentType
this.delegatorBaseName: default
entityName: DocumentTypeAttr
this.delegatorBaseName: default
entityName: WebPreferenceType
this.delegatorBaseName: default
entityName: WebUserPreference
this.delegatorBaseName: default
entityName: Survey
this.delegatorBaseName: default
entityName: SurveyApplType
this.delegatorBaseName: default
entityName: SurveyMultiResp
this.delegatorBaseName: default
entityName: SurveyMultiRespColumn
this.delegatorBaseName: default
entityName: SurveyPage
this.delegatorBaseName: default
entityName: SurveyQuestion
this.delegatorBaseName: default
entityName: SurveyQuestionAndAppl
this.delegatorBaseName: default
entityName: SurveyQuestionAppl
this.delegatorBaseName: default
entityName: SurveyQuestionCategory
this.delegatorBaseName: default
entityName: SurveyQuestionOption
this.delegatorBaseName: default
entityName: SurveyQuestionType
this.delegatorBaseName: default
entityName: SurveyResponse
this.delegatorBaseName: default
entityName: SurveyResponseAndAnswer
this.delegatorBaseName: default
entityName: SurveyResponseAnswer
this.delegatorBaseName: default
entityName: SurveyTrigger
this.delegatorBaseName: default
entityName: WebAnalyticsConfig
this.delegatorBaseName: default
entityName: WebAnalyticsType
this.delegatorBaseName: default
entityName: WebSiteAndContent
this.delegatorBaseName: default
entityName: WebSiteContent
this.delegatorBaseName: default
entityName: WebSiteContentType
this.delegatorBaseName: default
entityName: WebSitePathAlias
this.delegatorBaseName: default
entityName: WebSitePublishPoint
this.delegatorBaseName: default
entityName: PartyQual
this.delegatorBaseName: default
entityName: PartyQualType
this.delegatorBaseName: default
entityName: PartyResume
this.delegatorBaseName: default
entityName: PartySkill
this.delegatorBaseName: default
entityName: PerfRatingType
this.delegatorBaseName: default
entityName: PerfReview
this.delegatorBaseName: default
entityName: PerfReviewItem
this.delegatorBaseName: default
entityName: PerfReviewItemType
this.delegatorBaseName: default
entityName: PerformanceNote
this.delegatorBaseName: default
entityName: PersonTraining
this.delegatorBaseName: default
entityName: ResponsibilityType
this.delegatorBaseName: default
entityName: SkillType
this.delegatorBaseName: default
entityName: TrainingClassType
this.delegatorBaseName: default
entityName: BenefitType
this.delegatorBaseName: default
entityName: BenefitTypeAndParty
this.delegatorBaseName: default
entityName: EmplLeave
this.delegatorBaseName: default
entityName: EmplLeaveReasonType
this.delegatorBaseName: default
entityName: EmplLeaveType
this.delegatorBaseName: default
entityName: Employment
this.delegatorBaseName: default
entityName: EmploymentAndPerson
this.delegatorBaseName: default
entityName: EmploymentApp
this.delegatorBaseName: default
entityName: EmploymentAppSourceType
this.delegatorBaseName: default
entityName: PartyBenefit
this.delegatorBaseName: default
entityName: PayGrade
this.delegatorBaseName: default
entityName: PayHistory
this.delegatorBaseName: default
entityName: PayrollPreference
this.delegatorBaseName: default
entityName: SalaryStep
this.delegatorBaseName: default
entityName: TerminationReason
this.delegatorBaseName: default
entityName: TerminationType
this.delegatorBaseName: default
entityName: UnemploymentClaim
this.delegatorBaseName: default
entityName: EmplPosition
this.delegatorBaseName: default
entityName: EmplPositionAndFulfillment
this.delegatorBaseName: default
entityName: EmplPositionClassType
this.delegatorBaseName: default
entityName: EmplPositionFulfillment
this.delegatorBaseName: default
entityName: EmplPositionReportingStruct
this.delegatorBaseName: default
entityName: EmplPositionResponsibility
this.delegatorBaseName: default
entityName: EmplPositionType
this.delegatorBaseName: default
entityName: EmplPositionTypeClass
this.delegatorBaseName: default
entityName: EmplPositionTypeRate
this.delegatorBaseName: default
entityName: EmplPositionTypeRateAndAmount
this.delegatorBaseName: default
entityName: ValidResponsibility
this.delegatorBaseName: default
entityName: EmplPositionFulfillmentAndReportingStruct
this.delegatorBaseName: default
entityName: JobInterview
this.delegatorBaseName: default
entityName: JobInterviewType
this.delegatorBaseName: default
entityName: JobRequisition
this.delegatorBaseName: default
entityName: TrainingRequest
this.delegatorBaseName: default
entityName: ProductManufacturingRule
this.delegatorBaseName: default
entityName: MrpEvent
this.delegatorBaseName: default
entityName: MrpEventType
this.delegatorBaseName: default
entityName: MrpEventView
this.delegatorBaseName: default
entityName: TechDataCalendar
this.delegatorBaseName: default
entityName: TechDataCalendarExcDay
this.delegatorBaseName: default
entityName: TechDataCalendarExcWeek
this.delegatorBaseName: default
entityName: TechDataCalendarWeek
this.delegatorBaseName: default
entityName: MarketingCampaign
this.delegatorBaseName: default
entityName: MarketingCampaignNote
this.delegatorBaseName: default
entityName: MarketingCampaignPrice
this.delegatorBaseName: default
entityName: MarketingCampaignPromo
this.delegatorBaseName: default
entityName: MarketingCampaignRole
this.delegatorBaseName: default
entityName: ContactList
this.delegatorBaseName: default
entityName: ContactListCommStatus
this.delegatorBaseName: default
entityName: ContactListParty
this.delegatorBaseName: default
entityName: ContactListPartyAndStatus
this.delegatorBaseName: default
entityName: ContactListPartyStatus
this.delegatorBaseName: default
entityName: ContactListType
this.delegatorBaseName: default
entityName: WebSiteContactList
this.delegatorBaseName: default
entityName: SalesForecast
this.delegatorBaseName: default
entityName: SalesForecastAndCustomTimePeriod
this.delegatorBaseName: default
entityName: SalesForecastDetail
this.delegatorBaseName: default
entityName: SalesForecastHistory
this.delegatorBaseName: default
entityName: SalesOpportunity
this.delegatorBaseName: default
entityName: SalesOpportunityAndRole
this.delegatorBaseName: default
entityName: SalesOpportunityCompetitor
this.delegatorBaseName: default
entityName: SalesOpportunityHistory
this.delegatorBaseName: default
entityName: SalesOpportunityQuote
this.delegatorBaseName: default
entityName: SalesOpportunityRole
this.delegatorBaseName: default
entityName: SalesOpportunityStage
this.delegatorBaseName: default
entityName: SalesOpportunityTrckCode
this.delegatorBaseName: default
entityName: SalesOpportunityWorkEffort
this.delegatorBaseName: default
entityName: MarketingCampaignAndOrderHeader
this.delegatorBaseName: default
entityName: MarketingCampaignAndVisit
this.delegatorBaseName: default
entityName: TrackingCodeAndOrderHeader
this.delegatorBaseName: default
entityName: TrackingCodeAndVisit
this.delegatorBaseName: default
entityName: TrackingCodeOrderAndOrderHeader
this.delegatorBaseName: default
entityName: TrackingCodeOrderReturnAndReturnHeader
this.delegatorBaseName: default
entityName: SegmentGroup
this.delegatorBaseName: default
entityName: SegmentGroupClassification
this.delegatorBaseName: default
entityName: SegmentGroupGeo
this.delegatorBaseName: default
entityName: SegmentGroupRole
this.delegatorBaseName: default
entityName: SegmentGroupType
this.delegatorBaseName: default
entityName: SegmentGroupViewRelatedParties
this.delegatorBaseName: default
entityName: TrackingCode
this.delegatorBaseName: default
entityName: TrackingCodeOrder
this.delegatorBaseName: default
entityName: TrackingCodeOrderReturn
this.delegatorBaseName: default
entityName: TrackingCodeType
this.delegatorBaseName: default
entityName: TrackingCodeVisit
this.delegatorBaseName: default
entityName: AllocationPlanAndItem
this.delegatorBaseName: default
entityName: AllocationPlanHeader
this.delegatorBaseName: default
entityName: AllocationPlanItem
this.delegatorBaseName: default
entityName: AllocationPlanType
this.delegatorBaseName: default
entityName: CommunicationEventAndCustRequest
this.delegatorBaseName: default
entityName: CommunicationEventAndOrder
this.delegatorBaseName: default
entityName: CommunicationEventOrder
this.delegatorBaseName: default
entityName: ItemIssuanceQuantitySum
this.delegatorBaseName: default
entityName: OldOrderBlacklist
this.delegatorBaseName: default
entityName: OldOrderBlacklistType
this.delegatorBaseName: default
entityName: OrderAdjustment
this.delegatorBaseName: default
entityName: OrderAdjustmentAttribute
this.delegatorBaseName: default
entityName: OrderAdjustmentBilling
this.delegatorBaseName: default
entityName: OrderAdjustmentType
this.delegatorBaseName: default
entityName: OrderAdjustmentTypeAttr
this.delegatorBaseName: default
entityName: OrderAndContactMech
this.delegatorBaseName: default
entityName: OrderAttribute
this.delegatorBaseName: default
entityName: OrderContactMech
this.delegatorBaseName: default
entityName: OrderContent
this.delegatorBaseName: default
entityName: OrderContentType
this.delegatorBaseName: default
entityName: OrderDeliverySchedule
this.delegatorBaseName: default
entityName: OrderDenylist
this.delegatorBaseName: default
entityName: OrderDenylistType
this.delegatorBaseName: default
entityName: OrderHeader
this.delegatorBaseName: default
entityName: OrderHeaderAndItemFacilityLocation
this.delegatorBaseName: default
entityName: OrderHeaderAndItems
this.delegatorBaseName: default
entityName: OrderHeaderAndPaymentPref
this.delegatorBaseName: default
entityName: OrderHeaderAndRoleSummary
this.delegatorBaseName: default
entityName: OrderHeaderAndRoles
this.delegatorBaseName: default
entityName: OrderHeaderAndShipGroups
this.delegatorBaseName: default
entityName: OrderHeaderAndShipGroupsByProduct
this.delegatorBaseName: default
entityName: OrderHeaderAndWorkEffort
this.delegatorBaseName: default
entityName: OrderHeaderItemAndInv
this.delegatorBaseName: default
entityName: OrderHeaderItemAndInvRoles
this.delegatorBaseName: default
entityName: OrderHeaderItemAndRoles
this.delegatorBaseName: default
entityName: OrderHeaderItemAndShipGroup
this.delegatorBaseName: default
entityName: OrderHeaderNote
this.delegatorBaseName: default
entityName: OrderHeaderNoteView
this.delegatorBaseName: default
entityName: OrderHeaderWorkEffort
this.delegatorBaseName: default
entityName: OrderItem
this.delegatorBaseName: default
entityName: OrderItemAndProduct
this.delegatorBaseName: default
entityName: OrderItemAndProductContentInfo
this.delegatorBaseName: default
entityName: OrderItemAndShipGroupAssoc
this.delegatorBaseName: default
entityName: OrderItemAndShipGrpInvResAndItem
this.delegatorBaseName: default
entityName: OrderItemAndShipGrpInvResAndItemSum
this.delegatorBaseName: default
entityName: OrderItemAssoc
this.delegatorBaseName: default
entityName: OrderItemAssocType
this.delegatorBaseName: default
entityName: OrderItemAttribute
this.delegatorBaseName: default
entityName: OrderItemBilling
this.delegatorBaseName: default
entityName: OrderItemBillingAndInvoiceAndItem
this.delegatorBaseName: default
entityName: OrderItemChange
this.delegatorBaseName: default
entityName: OrderItemContactMech
this.delegatorBaseName: default
entityName: OrderItemGroup
this.delegatorBaseName: default
entityName: OrderItemGroupOrder
this.delegatorBaseName: default
entityName: OrderItemPriceInfo
this.delegatorBaseName: default
entityName: OrderItemQuantityReportGroupByItem
this.delegatorBaseName: default
entityName: OrderItemQuantityReportGroupByProduct
this.delegatorBaseName: default
entityName: OrderItemRole
this.delegatorBaseName: default
entityName: OrderItemShipGroup
this.delegatorBaseName: default
entityName: OrderItemShipGroupAssoc
this.delegatorBaseName: default
entityName: OrderItemShipGrpInvRes
this.delegatorBaseName: default
entityName: OrderItemShipGrpInvResAndItem
this.delegatorBaseName: default
entityName: OrderItemShipGrpInvResAndItemLocation
this.delegatorBaseName: default
entityName: OrderItemType
this.delegatorBaseName: default
entityName: OrderItemTypeAttr
this.delegatorBaseName: default
entityName: OrderNotification
this.delegatorBaseName: default
entityName: OrderPaymentPrefAndPayment
this.delegatorBaseName: default
entityName: OrderPaymentPreference
this.delegatorBaseName: default
entityName: OrderProductPromoCode
this.delegatorBaseName: default
entityName: OrderPurchasePaymentSummary
this.delegatorBaseName: default
entityName: OrderPurchaseProductSummary
this.delegatorBaseName: default
entityName: OrderReportGroupByProduct
this.delegatorBaseName: default
entityName: OrderReportPurchasesGroupByProduct
this.delegatorBaseName: default
entityName: OrderReportSalesGroupByProduct
this.delegatorBaseName: default
entityName: OrderReportView
this.delegatorBaseName: default
entityName: OrderRole
this.delegatorBaseName: default
entityName: OrderRoleAndProductContentInfo
this.delegatorBaseName: default
entityName: OrderShipment
this.delegatorBaseName: default
entityName: OrderStatus
this.delegatorBaseName: default
entityName: OrderSummaryEntry
this.delegatorBaseName: default
entityName: OrderTaskList
this.delegatorBaseName: default
entityName: OrderTerm
this.delegatorBaseName: default
entityName: OrderTermAttribute
this.delegatorBaseName: default
entityName: OrderType
this.delegatorBaseName: default
entityName: OrderTypeAttr
this.delegatorBaseName: default
entityName: ProductOrderItem
this.delegatorBaseName: default
entityName: WorkAndOrderItemFulfillment
this.delegatorBaseName: default
entityName: WorkOrderItemFulfillment
this.delegatorBaseName: default
entityName: Quote
this.delegatorBaseName: default
entityName: QuoteAdjustment
this.delegatorBaseName: default
entityName: QuoteAttribute
this.delegatorBaseName: default
entityName: QuoteCoefficient
this.delegatorBaseName: default
entityName: QuoteItem
this.delegatorBaseName: default
entityName: QuoteNote
this.delegatorBaseName: default
entityName: QuoteNoteView
this.delegatorBaseName: default
entityName: QuoteRole
this.delegatorBaseName: default
entityName: QuoteTerm
this.delegatorBaseName: default
entityName: QuoteTermAttribute
this.delegatorBaseName: default
entityName: QuoteType
this.delegatorBaseName: default
entityName: QuoteTypeAttr
this.delegatorBaseName: default
entityName: QuoteWorkEffort
this.delegatorBaseName: default
entityName: QuoteWorkEffortView
this.delegatorBaseName: default
entityName: CustReqAndTypeAndPartyRel
this.delegatorBaseName: default
entityName: CustRequest
this.delegatorBaseName: default
entityName: CustRequestAndCommEvent
this.delegatorBaseName: default
entityName: CustRequestAndContent
this.delegatorBaseName: default
entityName: CustRequestAndNote
this.delegatorBaseName: default
entityName: CustRequestAndRole
this.delegatorBaseName: default
entityName: CustRequestAndWorkEffort
this.delegatorBaseName: default
entityName: CustRequestAttribute
this.delegatorBaseName: default
entityName: CustRequestCategory
this.delegatorBaseName: default
entityName: CustRequestCommEvent
this.delegatorBaseName: default
entityName: CustRequestContent
this.delegatorBaseName: default
entityName: CustRequestInfoAndWorkEffortAndPartyRel
this.delegatorBaseName: default
entityName: CustRequestItem
this.delegatorBaseName: default
entityName: CustRequestItemNote
this.delegatorBaseName: default
entityName: CustRequestItemNoteView
this.delegatorBaseName: default
entityName: CustRequestItemWorkEffort
this.delegatorBaseName: default
entityName: CustRequestNote
this.delegatorBaseName: default
entityName: CustRequestNoteView
this.delegatorBaseName: default
entityName: CustRequestParty
this.delegatorBaseName: default
entityName: CustRequestResolution
this.delegatorBaseName: default
entityName: CustRequestStatus
this.delegatorBaseName: default
entityName: CustRequestType
this.delegatorBaseName: default
entityName: CustRequestTypeAttr
this.delegatorBaseName: default
entityName: CustRequestWorkEffort
this.delegatorBaseName: default
entityName: RequirementAndRole
this.delegatorBaseName: default
entityName: RequirementByProductFacility
this.delegatorBaseName: default
entityName: RequirementCustRequestView
this.delegatorBaseName: default
entityName: RequirementPartyProductCount
this.delegatorBaseName: default
entityName: RespondingParty
this.delegatorBaseName: default
entityName: DesiredFeature
this.delegatorBaseName: default
entityName: OrderRequirementCommitment
this.delegatorBaseName: default
entityName: Requirement
this.delegatorBaseName: default
entityName: RequirementAttribute
this.delegatorBaseName: default
entityName: RequirementBudgetAllocation
this.delegatorBaseName: default
entityName: RequirementCustRequest
this.delegatorBaseName: default
entityName: RequirementRole
this.delegatorBaseName: default
entityName: RequirementStatus
this.delegatorBaseName: default
entityName: RequirementType
this.delegatorBaseName: default
entityName: RequirementTypeAttr
this.delegatorBaseName: default
entityName: WorkReqFulfType
this.delegatorBaseName: default
entityName: WorkRequirementFulfillment
this.delegatorBaseName: default
entityName: AccommodationSpot
this.delegatorBaseName: default
entityName: CommunicationEventReturn
this.delegatorBaseName: default
entityName: ReturnAdjustment
this.delegatorBaseName: default
entityName: ReturnAdjustmentType
this.delegatorBaseName: default
entityName: ReturnContactMech
this.delegatorBaseName: default
entityName: ReturnHeader
this.delegatorBaseName: default
entityName: ReturnHeaderType
this.delegatorBaseName: default
entityName: ReturnItem
this.delegatorBaseName: default
entityName: ReturnItemBilling
this.delegatorBaseName: default
entityName: ReturnItemResponse
this.delegatorBaseName: default
entityName: ReturnItemShipment
this.delegatorBaseName: default
entityName: ReturnItemType
this.delegatorBaseName: default
entityName: ReturnItemTypeMap
this.delegatorBaseName: default
entityName: ReturnReason
this.delegatorBaseName: default
entityName: ReturnStatus
this.delegatorBaseName: default
entityName: ReturnType
this.delegatorBaseName: default
entityName: CartAbandonedLine
this.delegatorBaseName: default
entityName: ShoppingList
this.delegatorBaseName: default
entityName: ShoppingListItem
this.delegatorBaseName: default
entityName: ShoppingListItemSurvey
this.delegatorBaseName: default
entityName: ShoppingListType
this.delegatorBaseName: default
entityName: ShoppingListWorkEffort
this.delegatorBaseName: default
entityName: Addendum
this.delegatorBaseName: default
entityName: Agreement
this.delegatorBaseName: default
entityName: AgreementAttribute
this.delegatorBaseName: default
entityName: AgreementContent
this.delegatorBaseName: default
entityName: AgreementContentType
this.delegatorBaseName: default
entityName: AgreementEmploymentAppl
this.delegatorBaseName: default
entityName: AgreementFacilityAppl
this.delegatorBaseName: default
entityName: AgreementGeographicalApplic
this.delegatorBaseName: default
entityName: AgreementItem
this.delegatorBaseName: default
entityName: AgreementItemAndFacilityAppl
this.delegatorBaseName: default
entityName: AgreementItemAndPartyAppl
this.delegatorBaseName: default
entityName: AgreementItemAndProductAppl
this.delegatorBaseName: default
entityName: AgreementItemAttribute
this.delegatorBaseName: default
entityName: AgreementItemType
this.delegatorBaseName: default
entityName: AgreementItemTypeAttr
this.delegatorBaseName: default
entityName: AgreementPartyApplic
this.delegatorBaseName: default
entityName: AgreementProductAppl
this.delegatorBaseName: default
entityName: AgreementPromoAppl
this.delegatorBaseName: default
entityName: AgreementRole
this.delegatorBaseName: default
entityName: AgreementStatus
this.delegatorBaseName: default
entityName: AgreementTerm
this.delegatorBaseName: default
entityName: AgreementTermAttribute
this.delegatorBaseName: default
entityName: AgreementType
this.delegatorBaseName: default
entityName: AgreementTypeAttr
this.delegatorBaseName: default
entityName: AgreementWorkEffortApplic
this.delegatorBaseName: default
entityName: TermType
this.delegatorBaseName: default
entityName: TermTypeAttr
this.delegatorBaseName: default
entityName: CommContentAssocType
this.delegatorBaseName: default
entityName: CommEventContentAssoc
this.delegatorBaseName: default
entityName: CommEventContentDataResource
this.delegatorBaseName: default
entityName: CommunicationEvent
this.delegatorBaseName: default
entityName: CommunicationEventAndProduct
this.delegatorBaseName: default
entityName: CommunicationEventAndRole
this.delegatorBaseName: default
entityName: CommunicationEventAndSubscr
this.delegatorBaseName: default
entityName: CommunicationEventProduct
this.delegatorBaseName: default
entityName: CommunicationEventPrpTyp
this.delegatorBaseName: default
entityName: CommunicationEventPurpose
this.delegatorBaseName: default
entityName: CommunicationEventRole
this.delegatorBaseName: default
entityName: CommunicationEventSum
this.delegatorBaseName: default
entityName: CommunicationEventType
this.delegatorBaseName: default
entityName: ContactListPartyAndContactMech
this.delegatorBaseName: default
entityName: ContactMech
this.delegatorBaseName: default
entityName: ContactMechAttribute
this.delegatorBaseName: default
entityName: ContactMechDetail
this.delegatorBaseName: default
entityName: ContactMechLink
this.delegatorBaseName: default
entityName: ContactMechPurposeType
this.delegatorBaseName: default
entityName: ContactMechType
this.delegatorBaseName: default
entityName: ContactMechTypeAttr
this.delegatorBaseName: default
entityName: ContactMechTypePurpose
this.delegatorBaseName: default
entityName: EmailAddressVerification
this.delegatorBaseName: default
entityName: FtpAddress
this.delegatorBaseName: default
entityName: PartyAndContactMech
this.delegatorBaseName: default
entityName: PartyAndPostalAddress
this.delegatorBaseName: default
entityName: PartyAndTelecomNumber
this.delegatorBaseName: default
entityName: PartyContactDetailByPurpose
this.delegatorBaseName: default
entityName: PartyContactMech
this.delegatorBaseName: default
entityName: PartyContactMechPurpose
this.delegatorBaseName: default
entityName: PostalAddress
this.delegatorBaseName: default
entityName: PostalAddressBoundary
this.delegatorBaseName: default
entityName: TelecomNumber
this.delegatorBaseName: default
entityName: ValidContactMechRole
this.delegatorBaseName: default
entityName: NeedType
this.delegatorBaseName: default
entityName: PartyNeed
this.delegatorBaseName: default
entityName: AddressMatchMap
this.delegatorBaseName: default
entityName: Affiliate
this.delegatorBaseName: default
entityName: OrderAndPartyContactMech
this.delegatorBaseName: default
entityName: Party
this.delegatorBaseName: default
entityName: PartyAcctgPrefAndGroup
this.delegatorBaseName: default
entityName: PartyAndGeoPoint
this.delegatorBaseName: default
entityName: PartyAndGroup
this.delegatorBaseName: default
entityName: PartyAndPerson
this.delegatorBaseName: default
entityName: PartyAndUserLogin
this.delegatorBaseName: default
entityName: PartyAndUserLoginAndPerson
this.delegatorBaseName: default
entityName: PartyAttribute
this.delegatorBaseName: default
entityName: PartyCarrierAccount
this.delegatorBaseName: default
entityName: PartyClassification
this.delegatorBaseName: default
entityName: PartyClassificationGroup
this.delegatorBaseName: default
entityName: PartyClassificationGroupAndType
this.delegatorBaseName: default
entityName: PartyClassificationType
this.delegatorBaseName: default
entityName: PartyContactWithPurpose
this.delegatorBaseName: default
entityName: PartyContent
this.delegatorBaseName: default
entityName: PartyContentType
this.delegatorBaseName: default
entityName: PartyDataSource
this.delegatorBaseName: default
entityName: PartyDetailAndWorkEffortAssign
this.delegatorBaseName: default
entityName: PartyGeoPoint
this.delegatorBaseName: default
entityName: PartyGroup
this.delegatorBaseName: default
entityName: PartyIcsAvsOverride
this.delegatorBaseName: default
entityName: PartyIdentification
this.delegatorBaseName: default
entityName: PartyIdentificationAndParty
this.delegatorBaseName: default
entityName: PartyIdentificationType
this.delegatorBaseName: default
entityName: PartyInvitation
this.delegatorBaseName: default
entityName: PartyInvitationGroupAssoc
this.delegatorBaseName: default
entityName: PartyInvitationRoleAssoc
this.delegatorBaseName: default
entityName: PartyNameContactMechView
this.delegatorBaseName: default
entityName: PartyNameHistory
this.delegatorBaseName: default
entityName: PartyNameView
this.delegatorBaseName: default
entityName: PartyNote
this.delegatorBaseName: default
entityName: PartyNoteView
this.delegatorBaseName: default
entityName: PartyProfileDefault
this.delegatorBaseName: default
entityName: PartyRelationship
this.delegatorBaseName: default
entityName: PartyRelationshipAndContactMechDetail
this.delegatorBaseName: default
entityName: PartyRelationshipAndDetail
this.delegatorBaseName: default
entityName: PartyRelationshipAndPartyDetail
this.delegatorBaseName: default
entityName: PartyRelationshipToFrom
this.delegatorBaseName: default
entityName: PartyRelationshipType
this.delegatorBaseName: default
entityName: PartyRole
this.delegatorBaseName: default
entityName: PartyRoleAndContactMechDetail
this.delegatorBaseName: default
entityName: PartyRoleAndPartyDetail
this.delegatorBaseName: default
entityName: PartyRoleDetailAndPartyDetail
this.delegatorBaseName: default
entityName: PartyRoleNameDetail
this.delegatorBaseName: default
entityName: PartyStatus
this.delegatorBaseName: default
entityName: PartyType
this.delegatorBaseName: default
entityName: PartyTypeAttr
this.delegatorBaseName: default
entityName: Person
this.delegatorBaseName: default
entityName: PriorityType
this.delegatorBaseName: default
entityName: RoleType
this.delegatorBaseName: default
entityName: RoleTypeAndParty
this.delegatorBaseName: default
entityName: RoleTypeAttr
this.delegatorBaseName: default
entityName: RoleTypeIn3Levels
this.delegatorBaseName: default
entityName: UserLoginAndPartyDetails
this.delegatorBaseName: default
entityName: Vendor
this.delegatorBaseName: default
entityName: WebSiteRole
this.delegatorBaseName: default
entityName: ProdCatalog
this.delegatorBaseName: default
entityName: ProdCatalogCategory
this.delegatorBaseName: default
entityName: ProdCatalogCategoryType
this.delegatorBaseName: default
entityName: ProdCatalogInvFacility
this.delegatorBaseName: default
entityName: ProdCatalogRole
this.delegatorBaseName: default
entityName: ProductAndCategoryMember
this.delegatorBaseName: default
entityName: ProductCategory
this.delegatorBaseName: default
entityName: ProductCategoryAndMember
this.delegatorBaseName: default
entityName: ProductCategoryAttribute
this.delegatorBaseName: default
entityName: ProductCategoryContent
this.delegatorBaseName: default
entityName: ProductCategoryContentAndInfo
this.delegatorBaseName: default
entityName: ProductCategoryContentType
this.delegatorBaseName: default
entityName: ProductCategoryGlAccount
this.delegatorBaseName: default
entityName: ProductCategoryLink
this.delegatorBaseName: default
entityName: ProductCategoryMember
this.delegatorBaseName: default
entityName: ProductCategoryMemberAndPrice
this.delegatorBaseName: default
entityName: ProductCategoryMemberAndRole
this.delegatorBaseName: default
entityName: ProductCategoryRole
this.delegatorBaseName: default
entityName: ProductCategoryRollup
this.delegatorBaseName: default
entityName: ProductCategoryRollupAndChild
this.delegatorBaseName: default
entityName: ProductCategoryRollupAndRole
this.delegatorBaseName: default
entityName: ProductCategoryType
this.delegatorBaseName: default
entityName: ProductCategoryTypeAttr
this.delegatorBaseName: default
entityName: ConfigOptionProductOption
this.delegatorBaseName: default
entityName: ProdConfItemContent
this.delegatorBaseName: default
entityName: ProdConfItemContentType
this.delegatorBaseName: default
entityName: ProductConfig
this.delegatorBaseName: default
entityName: ProductConfigAndProduct
this.delegatorBaseName: default
entityName: ProductConfigConfig
this.delegatorBaseName: default
entityName: ProductConfigItem
this.delegatorBaseName: default
entityName: ProductConfigOption
this.delegatorBaseName: default
entityName: ProductConfigOptionIactn
this.delegatorBaseName: default
entityName: ProductConfigProduct
this.delegatorBaseName: default
entityName: ProductConfigStats
this.delegatorBaseName: default
entityName: CostComponent
this.delegatorBaseName: default
entityName: CostComponentAttribute
this.delegatorBaseName: default
entityName: CostComponentCalc
this.delegatorBaseName: default
entityName: CostComponentType
this.delegatorBaseName: default
entityName: CostComponentTypeAttr
this.delegatorBaseName: default
entityName: ProductCostComponentCalc
this.delegatorBaseName: default
entityName: Container
this.delegatorBaseName: default
entityName: ContainerAndGeoPoint
this.delegatorBaseName: default
entityName: ContainerGeoPoint
this.delegatorBaseName: default
entityName: ContainerType
this.delegatorBaseName: default
entityName: Facility
this.delegatorBaseName: default
entityName: FacilityAndContactMech
this.delegatorBaseName: default
entityName: FacilityAssocType
this.delegatorBaseName: default
entityName: FacilityAttribute
this.delegatorBaseName: default
entityName: FacilityCalendar
this.delegatorBaseName: default
entityName: FacilityCalendarType
this.delegatorBaseName: default
entityName: FacilityCarrierShipment
this.delegatorBaseName: default
entityName: FacilityContactMech
this.delegatorBaseName: default
entityName: FacilityContactMechPurpose
this.delegatorBaseName: default
entityName: FacilityContent
this.delegatorBaseName: default
entityName: FacilityContentDetail
this.delegatorBaseName: default
entityName: FacilityGroup
this.delegatorBaseName: default
entityName: FacilityGroupMember
this.delegatorBaseName: default
entityName: FacilityGroupRole
this.delegatorBaseName: default
entityName: FacilityGroupRollup
this.delegatorBaseName: default
entityName: FacilityGroupType
this.delegatorBaseName: default
entityName: FacilityLocation
this.delegatorBaseName: default
entityName: FacilityLocationAndGeoPoint
this.delegatorBaseName: default
entityName: FacilityLocationGeoPoint
this.delegatorBaseName: default
entityName: FacilityParty
this.delegatorBaseName: default
entityName: FacilityType
this.delegatorBaseName: default
entityName: FacilityTypeAttr
this.delegatorBaseName: default
entityName: ProductFacility
this.delegatorBaseName: default
entityName: ProductFacilityAndPostalAddress
this.delegatorBaseName: default
entityName: ProductFacilityAssoc
this.delegatorBaseName: default
entityName: ProductFacilityLocation
this.delegatorBaseName: default
entityName: ProductFacilityLocationQuantityTest
this.delegatorBaseName: default
entityName: ProductFacilityLocationView
this.delegatorBaseName: default
entityName: ProdFeaGrpAppAndProdFeaApp
this.delegatorBaseName: default
entityName: ProductFeature
this.delegatorBaseName: default
entityName: ProductFeatureAndAppl
this.delegatorBaseName: default
entityName: ProductFeatureAppl
this.delegatorBaseName: default
entityName: ProductFeatureApplAttr
this.delegatorBaseName: default
entityName: ProductFeatureApplType
this.delegatorBaseName: default
entityName: ProductFeatureCatGrpAppl
this.delegatorBaseName: default
entityName: ProductFeatureCategory
this.delegatorBaseName: default
entityName: ProductFeatureCategoryAppl
this.delegatorBaseName: default
entityName: ProductFeatureDataResource
this.delegatorBaseName: default
entityName: ProductFeatureGroup
this.delegatorBaseName: default
entityName: ProductFeatureGroupAndAppl
this.delegatorBaseName: default
entityName: ProductFeatureGroupAppl
this.delegatorBaseName: default
entityName: ProductFeatureIactn
this.delegatorBaseName: default
entityName: ProductFeatureIactnType
this.delegatorBaseName: default
entityName: ProductFeatureType
this.delegatorBaseName: default
entityName: BalanceInventoryItemsView
this.delegatorBaseName: default
entityName: InventoryItem
this.delegatorBaseName: default
entityName: InventoryItemAndDetail
this.delegatorBaseName: default
entityName: InventoryItemAndLocation
this.delegatorBaseName: default
entityName: InventoryItemAttribute
this.delegatorBaseName: default
entityName: InventoryItemDetail
this.delegatorBaseName: default
entityName: InventoryItemDetailForSum
this.delegatorBaseName: default
entityName: InventoryItemDetailSummary
this.delegatorBaseName: default
entityName: InventoryItemLabel
this.delegatorBaseName: default
entityName: InventoryItemLabelAppl
this.delegatorBaseName: default
entityName: InventoryItemLabelType
this.delegatorBaseName: default
entityName: InventoryItemStatus
this.delegatorBaseName: default
entityName: InventoryItemStatusForCount
this.delegatorBaseName: default
entityName: InventoryItemTempRes
this.delegatorBaseName: default
entityName: InventoryItemType
this.delegatorBaseName: default
entityName: InventoryItemTypeAttr
this.delegatorBaseName: default
entityName: InventoryItemVariance
this.delegatorBaseName: default
entityName: InventoryTransfer
this.delegatorBaseName: default
entityName: Lot
this.delegatorBaseName: default
entityName: PhysicalInventory
this.delegatorBaseName: default
entityName: PhysicalInventoryAndVariance
this.delegatorBaseName: default
entityName: VarianceReason
this.delegatorBaseName: default
entityName: ProductFeaturePrice
this.delegatorBaseName: default
entityName: ProductPaymentMethodType
this.delegatorBaseName: default
entityName: ProductPrice
this.delegatorBaseName: default
entityName: ProductPriceAction
this.delegatorBaseName: default
entityName: ProductPriceActionType
this.delegatorBaseName: default
entityName: ProductPriceAutoNotice
this.delegatorBaseName: default
entityName: ProductPriceChange
this.delegatorBaseName: default
entityName: ProductPriceCond
this.delegatorBaseName: default
entityName: ProductPricePurpose
this.delegatorBaseName: default
entityName: ProductPriceRule
this.delegatorBaseName: default
entityName: ProductPriceType
this.delegatorBaseName: default
entityName: QuantityBreak
this.delegatorBaseName: default
entityName: QuantityBreakType
this.delegatorBaseName: default
entityName: SaleType
this.delegatorBaseName: default
entityName: GoodIdentification
this.delegatorBaseName: default
entityName: GoodIdentificationAndProduct
this.delegatorBaseName: default
entityName: GoodIdentificationType
this.delegatorBaseName: default
entityName: Product
this.delegatorBaseName: default
entityName: ProductAndAssoc
this.delegatorBaseName: default
entityName: ProductAndPriceView
this.delegatorBaseName: default
entityName: ProductAssoc
this.delegatorBaseName: default
entityName: ProductAssocType
this.delegatorBaseName: default
entityName: ProductAttribute
this.delegatorBaseName: default
entityName: ProductCalculatedInfo
this.delegatorBaseName: default
entityName: ProductContent
this.delegatorBaseName: default
entityName: ProductContentAndInfo
this.delegatorBaseName: default
entityName: ProductContentType
this.delegatorBaseName: default
entityName: ProductGeo
this.delegatorBaseName: default
entityName: ProductGlAccount
this.delegatorBaseName: default
entityName: ProductGroupOrder
this.delegatorBaseName: default
entityName: ProductInventoryItem
this.delegatorBaseName: default
entityName: ProductKeyword
this.delegatorBaseName: default
entityName: ProductMaint
this.delegatorBaseName: default
entityName: ProductMaintType
this.delegatorBaseName: default
entityName: ProductMeter
this.delegatorBaseName: default
entityName: ProductMeterType
this.delegatorBaseName: default
entityName: ProductReview
this.delegatorBaseName: default
entityName: ProductRole
this.delegatorBaseName: default
entityName: ProductSearchConstraint
this.delegatorBaseName: default
entityName: ProductSearchResult
this.delegatorBaseName: default
entityName: ProductType
this.delegatorBaseName: default
entityName: ProductTypeAttr
this.delegatorBaseName: default
entityName: ProductVirtualAndAssocPrices
this.delegatorBaseName: default
entityName: ProductVirtualAndVariantInfo
this.delegatorBaseName: default
entityName: VendorProduct
this.delegatorBaseName: default
entityName: OldProductPromoCodeEmail
this.delegatorBaseName: default
entityName: ProdPromoCodeContactMech
this.delegatorBaseName: default
entityName: ProductPromo
this.delegatorBaseName: default
entityName: ProductPromoAction
this.delegatorBaseName: default
entityName: ProductPromoCategory
this.delegatorBaseName: default
entityName: ProductPromoCode
this.delegatorBaseName: default
entityName: ProductPromoCodeEmailParty
this.delegatorBaseName: default
entityName: ProductPromoCodeParty
this.delegatorBaseName: default
entityName: ProductPromoCond
this.delegatorBaseName: default
entityName: ProductPromoContent
this.delegatorBaseName: default
entityName: ProductPromoProduct
this.delegatorBaseName: default
entityName: ProductPromoRule
this.delegatorBaseName: default
entityName: ProductPromoUse
this.delegatorBaseName: default
entityName: ProductPromoUseCheck
this.delegatorBaseName: default
entityName: ProductStore
this.delegatorBaseName: default
entityName: ProductStoreCatalog
this.delegatorBaseName: default
entityName: ProductStoreEmailSetting
this.delegatorBaseName: default
entityName: ProductStoreFacility
this.delegatorBaseName: default
entityName: ProductStoreFacilityByOrder
this.delegatorBaseName: default
entityName: ProductStoreFinActSetting
this.delegatorBaseName: default
entityName: ProductStoreGroup
this.delegatorBaseName: default
entityName: ProductStoreGroupAndMember
this.delegatorBaseName: default
entityName: ProductStoreGroupMember
this.delegatorBaseName: default
entityName: ProductStoreGroupRole
this.delegatorBaseName: default
entityName: ProductStoreGroupRollup
this.delegatorBaseName: default
entityName: ProductStoreGroupRollupAndChild
this.delegatorBaseName: default
entityName: ProductStoreGroupType
this.delegatorBaseName: default
entityName: ProductStoreKeywordOvrd
this.delegatorBaseName: default
entityName: ProductStorePaymentSetting
this.delegatorBaseName: default
entityName: ProductStorePromoAndAppl
this.delegatorBaseName: default
entityName: ProductStorePromoAppl
this.delegatorBaseName: default
entityName: ProductStoreRole
this.delegatorBaseName: default
entityName: ProductStoreShipmentMeth
this.delegatorBaseName: default
entityName: ProductStoreShipmentMethView
this.delegatorBaseName: default
entityName: ProductStoreSurveyAppl
this.delegatorBaseName: default
entityName: ProductStoreTelecomSetting
this.delegatorBaseName: default
entityName: ProductStoreVendorPayment
this.delegatorBaseName: default
entityName: ProductStoreVendorShipment
this.delegatorBaseName: default
entityName: ProductSubscriptionResource
this.delegatorBaseName: default
entityName: Subscription
this.delegatorBaseName: default
entityName: SubscriptionActivity
this.delegatorBaseName: default
entityName: SubscriptionAndCommEvent
this.delegatorBaseName: default
entityName: SubscriptionAttribute
this.delegatorBaseName: default
entityName: SubscriptionCommEvent
this.delegatorBaseName: default
entityName: SubscriptionFulfillmentPiece
this.delegatorBaseName: default
entityName: SubscriptionResource
this.delegatorBaseName: default
entityName: SubscriptionType
this.delegatorBaseName: default
entityName: SubscriptionTypeAttr
this.delegatorBaseName: default
entityName: MarketInterest
this.delegatorBaseName: default
entityName: ReorderGuideline
this.delegatorBaseName: default
entityName: SupplierPrefOrder
this.delegatorBaseName: default
entityName: SupplierProduct
this.delegatorBaseName: default
entityName: SupplierProductAndProduct
this.delegatorBaseName: default
entityName: SupplierProductFeature
this.delegatorBaseName: default
entityName: SupplierRatingType
this.delegatorBaseName: default
entityName: CommunicationEventAndReturn
this.delegatorBaseName: default
entityName: ItemIssuance
this.delegatorBaseName: default
entityName: ItemIssuanceAndInventoryItem
this.delegatorBaseName: default
entityName: ItemIssuanceRole
this.delegatorBaseName: default
entityName: OldPicklistStatusHistory
this.delegatorBaseName: default
entityName: Picklist
this.delegatorBaseName: default
entityName: PicklistAndBin
this.delegatorBaseName: default
entityName: PicklistAndBinAndItem
this.delegatorBaseName: default
entityName: PicklistBin
this.delegatorBaseName: default
entityName: PicklistItem
this.delegatorBaseName: default
entityName: PicklistItemAndBin
this.delegatorBaseName: default
entityName: PicklistRole
this.delegatorBaseName: default
entityName: PicklistStatus
this.delegatorBaseName: default
entityName: RejectionReason
this.delegatorBaseName: default
entityName: ShipmentReceipt
this.delegatorBaseName: default
entityName: ShipmentReceiptRole
this.delegatorBaseName: default
entityName: CarrierAndShipmentMethod
this.delegatorBaseName: default
entityName: CarrierShipmentBoxType
this.delegatorBaseName: default
entityName: CarrierShipmentMethod
this.delegatorBaseName: default
entityName: Delivery
this.delegatorBaseName: default
entityName: OrderShipmentInfoSummary
this.delegatorBaseName: default
entityName: PackedQtyVsOrderItemQuantity
this.delegatorBaseName: default
entityName: Shipment
this.delegatorBaseName: default
entityName: ShipmentAndItem
this.delegatorBaseName: default
entityName: ShipmentAttribute
this.delegatorBaseName: default
entityName: ShipmentBoxType
this.delegatorBaseName: default
entityName: ShipmentContactMech
this.delegatorBaseName: default
entityName: ShipmentContactMechType
this.delegatorBaseName: default
entityName: ShipmentCostEstimate
this.delegatorBaseName: default
entityName: ShipmentGatewayConfig
this.delegatorBaseName: default
entityName: ShipmentGatewayConfigType
this.delegatorBaseName: default
entityName: ShipmentGatewayDhl
this.delegatorBaseName: default
entityName: ShipmentGatewayFedex
this.delegatorBaseName: default
entityName: ShipmentGatewayUps
this.delegatorBaseName: default
entityName: ShipmentGatewayUsps
this.delegatorBaseName: default
entityName: ShipmentItem
this.delegatorBaseName: default
entityName: ShipmentItemBilling
this.delegatorBaseName: default
entityName: ShipmentItemFeature
this.delegatorBaseName: default
entityName: ShipmentManifestView
this.delegatorBaseName: default
entityName: ShipmentMethodType
this.delegatorBaseName: default
entityName: ShipmentPackage
this.delegatorBaseName: default
entityName: ShipmentPackageContent
this.delegatorBaseName: default
entityName: ShipmentPackageRouteDetail
this.delegatorBaseName: default
entityName: ShipmentPackageRouteSeg
this.delegatorBaseName: default
entityName: ShipmentReceiptAndItem
this.delegatorBaseName: default
entityName: ShipmentRouteSegment
this.delegatorBaseName: default
entityName: ShipmentRouteSegmentDetail
this.delegatorBaseName: default
entityName: ShipmentStatus
this.delegatorBaseName: default
entityName: ShipmentTimeEstimate
this.delegatorBaseName: default
entityName: ShipmentType
this.delegatorBaseName: default
entityName: ShipmentTypeAttr
this.delegatorBaseName: default
entityName: ShippingDocument
this.delegatorBaseName: default
entityName: TimeEntry
this.delegatorBaseName: default
entityName: Timesheet
this.delegatorBaseName: default
entityName: TimesheetRole
this.delegatorBaseName: default
entityName: ApplicationSandbox
this.delegatorBaseName: default
entityName: CommunicationEventWorkEff
this.delegatorBaseName: default
entityName: Deliverable
this.delegatorBaseName: default
entityName: DeliverableType
this.delegatorBaseName: default
entityName: WorkEffort
this.delegatorBaseName: default
entityName: WorkEffortAndChild
this.delegatorBaseName: default
entityName: WorkEffortAndContactMech
this.delegatorBaseName: default
entityName: WorkEffortAndContentDataResource
this.delegatorBaseName: default
entityName: WorkEffortAndFixedAssetAssign
this.delegatorBaseName: default
entityName: WorkEffortAndFulfillment
this.delegatorBaseName: default
entityName: WorkEffortAndGoods
this.delegatorBaseName: default
entityName: WorkEffortAndInventoryAssign
this.delegatorBaseName: default
entityName: WorkEffortAndInventoryProduced
this.delegatorBaseName: default
entityName: WorkEffortAndPartyAssign
this.delegatorBaseName: default
entityName: WorkEffortAndPartyAssignAndType
this.delegatorBaseName: default
entityName: WorkEffortAndSalesOpportunity
this.delegatorBaseName: default
entityName: WorkEffortAndTimeEntry
this.delegatorBaseName: default
entityName: WorkEffortAssoc
this.delegatorBaseName: default
entityName: WorkEffortAssocAttribute
this.delegatorBaseName: default
entityName: WorkEffortAssocFromView
this.delegatorBaseName: default
entityName: WorkEffortAssocToView
this.delegatorBaseName: default
entityName: WorkEffortAssocType
this.delegatorBaseName: default
entityName: WorkEffortAssocTypeAttr
this.delegatorBaseName: default
entityName: WorkEffortAssocView
this.delegatorBaseName: default
entityName: WorkEffortAttribute
this.delegatorBaseName: default
entityName: WorkEffortBilling
this.delegatorBaseName: default
entityName: WorkEffortCommunicationEventView
this.delegatorBaseName: default
entityName: WorkEffortContactMech
this.delegatorBaseName: default
entityName: WorkEffortContactMechView
this.delegatorBaseName: default
entityName: WorkEffortContent
this.delegatorBaseName: default
entityName: WorkEffortContentAndInfo
this.delegatorBaseName: default
entityName: WorkEffortContentType
this.delegatorBaseName: default
entityName: WorkEffortCostCalc
this.delegatorBaseName: default
entityName: WorkEffortCustRequestItemView
this.delegatorBaseName: default
entityName: WorkEffortCustRequestView
this.delegatorBaseName: default
entityName: WorkEffortDeliverableProd
this.delegatorBaseName: default
entityName: WorkEffortEventReminder
this.delegatorBaseName: default
entityName: WorkEffortFindView
this.delegatorBaseName: default
entityName: WorkEffortFixedAssetAssign
this.delegatorBaseName: default
entityName: WorkEffortFixedAssetStd
this.delegatorBaseName: default
entityName: WorkEffortGoodStandard
this.delegatorBaseName: default
entityName: WorkEffortGoodStandardType
this.delegatorBaseName: default
entityName: WorkEffortIcalData
this.delegatorBaseName: default
entityName: WorkEffortInventoryAssign
this.delegatorBaseName: default
entityName: WorkEffortInventoryProduced
this.delegatorBaseName: default
entityName: WorkEffortKeyword
this.delegatorBaseName: default
entityName: WorkEffortNote
this.delegatorBaseName: default
entityName: WorkEffortNoteAndData
this.delegatorBaseName: default
entityName: WorkEffortOrderHeaderView
this.delegatorBaseName: default
entityName: WorkEffortPartyAssignAndRoleType
this.delegatorBaseName: default
entityName: WorkEffortPartyAssignByGroup
this.delegatorBaseName: default
entityName: WorkEffortPartyAssignByRole
this.delegatorBaseName: default
entityName: WorkEffortPartyAssignView
this.delegatorBaseName: default
entityName: WorkEffortPartyAssignment
this.delegatorBaseName: default
entityName: WorkEffortProductGoods
this.delegatorBaseName: default
entityName: WorkEffortPurposeType
this.delegatorBaseName: default
entityName: WorkEffortQuoteView
this.delegatorBaseName: default
entityName: WorkEffortRequirementView
this.delegatorBaseName: default
entityName: WorkEffortReview
this.delegatorBaseName: default
entityName: WorkEffortSearchConstraint
this.delegatorBaseName: default
entityName: WorkEffortSearchResult
this.delegatorBaseName: default
entityName: WorkEffortShoppingListView
this.delegatorBaseName: default
entityName: WorkEffortSkillStandard
this.delegatorBaseName: default
entityName: WorkEffortStatus
this.delegatorBaseName: default
entityName: WorkEffortSurveyAppl
this.delegatorBaseName: default
entityName: WorkEffortTransBox
this.delegatorBaseName: default
entityName: WorkEffortType
this.delegatorBaseName: default
entityName: WorkEffortTypeAttr
this.delegatorBaseName: default
entityName: CatalinaSession
this.delegatorBaseName: default
entityName: DataSource
this.delegatorBaseName: default
entityName: DataSourceType
this.delegatorBaseName: default
entityName: EmailTemplateSetting
this.delegatorBaseName: default
entityName: EnumTypeChildAndEnum
this.delegatorBaseName: default
entityName: Enumeration
this.delegatorBaseName: default
entityName: EnumerationType
this.delegatorBaseName: default
entityName: CountryAddressFormat
this.delegatorBaseName: default
entityName: CountryCapital
this.delegatorBaseName: default
entityName: CountryCode
this.delegatorBaseName: default
entityName: CountryTeleCode
this.delegatorBaseName: default
entityName: CountryTeleCodeAndName
this.delegatorBaseName: default
entityName: Geo
this.delegatorBaseName: default
entityName: GeoAssoc
this.delegatorBaseName: default
entityName: GeoAssocAndGeoFrom
this.delegatorBaseName: default
entityName: GeoAssocAndGeoTo
this.delegatorBaseName: default
entityName: GeoAssocAndGeoToWithState
this.delegatorBaseName: default
entityName: GeoAssocType
this.delegatorBaseName: default
entityName: GeoPoint
this.delegatorBaseName: default
entityName: GeoType
this.delegatorBaseName: default
entityName: KeywordThesaurus
this.delegatorBaseName: default
entityName: StandardLanguage
this.delegatorBaseName: default
entityName: CustomMethod
this.delegatorBaseName: default
entityName: CustomMethodType
this.delegatorBaseName: default
entityName: NoteData
this.delegatorBaseName: default
entityName: CustomTimePeriod
this.delegatorBaseName: default
entityName: PeriodType
this.delegatorBaseName: default
entityName: PortalPage
this.delegatorBaseName: default
entityName: PortalPageAndPortlet
this.delegatorBaseName: default
entityName: PortalPageAndUserLogin
this.delegatorBaseName: default
entityName: PortalPageColumn
this.delegatorBaseName: default
entityName: PortalPagePortlet
this.delegatorBaseName: default
entityName: PortalPagePortletView
this.delegatorBaseName: default
entityName: PortalPortlet
this.delegatorBaseName: default
entityName: PortletAttribute
this.delegatorBaseName: default
entityName: PortletCategory
this.delegatorBaseName: default
entityName: PortletPortletCategory
this.delegatorBaseName: default
entityName: SystemProperty
this.delegatorBaseName: default
entityName: CustomScreen
this.delegatorBaseName: default
entityName: CustomScreenType
this.delegatorBaseName: default
entityName: StatusItem
this.delegatorBaseName: default
entityName: StatusType
this.delegatorBaseName: default
entityName: StatusValidChange
this.delegatorBaseName: default
entityName: StatusValidChangeToDetail
this.delegatorBaseName: default
entityName: TelecomGatewayConfig
this.delegatorBaseName: default
entityName: TelecomMethodType
this.delegatorBaseName: default
entityName: VisualTheme
this.delegatorBaseName: default
entityName: VisualThemeResource
this.delegatorBaseName: default
entityName: VisualThemeSet
this.delegatorBaseName: default
entityName: Uom
this.delegatorBaseName: default
entityName: UomAndGroup
this.delegatorBaseName: default
entityName: UomAndType
this.delegatorBaseName: default
entityName: UomConversion
this.delegatorBaseName: default
entityName: UomConversionDated
this.delegatorBaseName: default
entityName: UomGroup
this.delegatorBaseName: default
entityName: UomType
this.delegatorBaseName: default
entityName: UserPrefGroupType
this.delegatorBaseName: default
entityName: UserPreference
this.delegatorBaseName: default
entityName: JavaResource
this.delegatorBaseName: default
entityName: EntityAuditLog
this.delegatorBaseName: default
entityName: EntityKeyStore
this.delegatorBaseName: default
entityName: EntityGroup
this.delegatorBaseName: default
entityName: EntityGroupEntry
this.delegatorBaseName: default
entityName: SequenceValueItem
this.delegatorBaseName: default
entityName: EntitySync
this.delegatorBaseName: default
entityName: EntitySyncHistory
this.delegatorBaseName: default
entityName: EntitySyncInclGrpDetailView
this.delegatorBaseName: default
entityName: EntitySyncInclude
this.delegatorBaseName: default
entityName: EntitySyncIncludeGroup
this.delegatorBaseName: default
entityName: EntitySyncRemove
this.delegatorBaseName: default
entityName: Component
this.delegatorBaseName: default
entityName: Tenant
this.delegatorBaseName: default
entityName: TenantComponent
this.delegatorBaseName: default
entityName: TenantDataSource
this.delegatorBaseName: default
entityName: TenantDomainName
this.delegatorBaseName: default
entityName: TenantKeyEncryptingKey
this.delegatorBaseName: default
entityName: TestFieldType
this.delegatorBaseName: default
entityName: Testing
this.delegatorBaseName: default
entityName: TestingCrypto
this.delegatorBaseName: default
entityName: TestingCryptoRawView
this.delegatorBaseName: default
entityName: TestingItem
this.delegatorBaseName: default
entityName: TestingNode
this.delegatorBaseName: default
entityName: TestingNodeAndMember
this.delegatorBaseName: default
entityName: TestingNodeMember
this.delegatorBaseName: default
entityName: TestingRemoveAll
this.delegatorBaseName: default
entityName: TestingStatus
this.delegatorBaseName: default
entityName: TestingSubtype
this.delegatorBaseName: default
entityName: TestingType
this.delegatorBaseName: default
entityName: TestingViewPks
this.delegatorBaseName: default
entityName: X509IssuerProvision
this.delegatorBaseName: default
entityName: UserLogin
this.delegatorBaseName: default
entityName: UserLoginHistory
this.delegatorBaseName: default
entityName: UserLoginPasswordHistory
this.delegatorBaseName: default
entityName: UserLoginSession
this.delegatorBaseName: default
entityName: ProtectedView
this.delegatorBaseName: default
entityName: SecurityGroup
this.delegatorBaseName: default
entityName: SecurityGroupPermission
this.delegatorBaseName: default
entityName: SecurityPermission
this.delegatorBaseName: default
entityName: TarpittedLoginView
this.delegatorBaseName: default
entityName: UserLoginAndPermission
this.delegatorBaseName: default
entityName: UserLoginAndProtectedView
this.delegatorBaseName: default
entityName: UserLoginAndSecurityGroup
this.delegatorBaseName: default
entityName: UserLoginSecurityGroup
this.delegatorBaseName: default
entityName: JobManagerLock
this.delegatorBaseName: default
entityName: JobSandbox
this.delegatorBaseName: default
entityName: RecurrenceInfo
this.delegatorBaseName: default
entityName: RecurrenceRule
this.delegatorBaseName: default
entityName: RuntimeData
this.delegatorBaseName: default
entityName: TemporalExpression
this.delegatorBaseName: default
entityName: TemporalExpressionAssoc
this.delegatorBaseName: default
entityName: TemporalExpressionChild
this.delegatorBaseName: default
entityName: ServiceSemaphore
this.delegatorBaseName: default
entityName: BrowserType
this.delegatorBaseName: default
entityName: PlatformType
this.delegatorBaseName: default
entityName: ProtocolType
this.delegatorBaseName: default
entityName: ServerHit
this.delegatorBaseName: default
entityName: ServerHitBin
this.delegatorBaseName: default
entityName: ServerHitType
this.delegatorBaseName: default
entityName: UserAgent
this.delegatorBaseName: default
entityName: UserAgentMethodType
this.delegatorBaseName: default
entityName: UserAgentType
this.delegatorBaseName: default
entityName: Visit
this.delegatorBaseName: default
entityName: Visitor
this.delegatorBaseName: default
entityName: WebPage
this.delegatorBaseName: default
entityName: WebSite
this.delegatorBaseName: default
XXXXXXX-------XXXXXXXX-----getGroupHelperInfo-----XXXXXXX-------XXXXXXXX
XXXX - entityGroupName: org.sitenetsoft.sunseterp.framework.tenant
XXXX - helperBaseName: localderbytenant
XXXXXXX-------XXXXXXXX-----getGroupHelperInfo-----XXXXXXX-------XXXXXXXX
XXXX - entityGroupName: org.sitenetsoft.sunseterp
XXXX - this.delegatorTenantId: null
XXXX - helperBaseName: null
XXXX - helperInfo: org.sitenetsoft.sunseterp.framework.entity.datasource.GenericHelperInfo@1bb7c8df
XXXX - helperInfo: org.sitenetsoft.sunseterp.framework.entity.datasource.GenericHelperInfo@1bb7c8df
XXXXXXXXXXXXXXXXXXXXXXXXXXXXXXXXXXXXXXXXXXXXXXXXXXXXXXXXXXXXXXXXXXXXXXXXXXXXX
*****************************************************************************************
*****************************************************************************************
*****************************************************************************************
*****************************************************************************************
delegatorName = default
delegator = org.sitenetsoft.sunseterp.framework.entity.GenericDelegator@3afca4ec
default
class org.sitenetsoft.sunseterp.framework.entity.GenericDelegator
*****************************************************************************************
*****************************************************************************************
*****************************************************************************************
*****************************************************************************************
XXXXXXX-------XXXXXXXX-----getGroupHelperInfo-----XXXXXXX-------XXXXXXXX
XXXX - entityGroupName: org.sitenetsoft.sunseterp.framework
XXXX - helperBaseName: localderby
XXXX - this.delegatorTenantId: null
XXXX - helperInfo: org.sitenetsoft.sunseterp.framework.entity.datasource.GenericHelperInfo@5fac521d
XXXX - helperInfo: org.sitenetsoft.sunseterp.framework.entity.datasource.GenericHelperInfo@5fac521d
XXXXXXXXXXXXXXXXXXXXXXXXXXXXXXXXXXXXXXXXXXXXXXXXXXXXXXXXXXXXXXXXXXXXXXXXXXXXX
---====---====---getEntityHelperInfo---====---====---
entityName: Component
entityName: Component
this.delegatorBaseName: default
this.getEntityGroupName(entityName): org.sitenetsoft.sunseterp.framework.tenant
entityName: Component
this.delegatorBaseName: default
XXXXXXX-------XXXXXXXX-----getGroupHelperInfo-----XXXXXXX-------XXXXXXXX
XXXX - entityGroupName: org.sitenetsoft.sunseterp.framework.tenant
XXXX - helperBaseName: localderbytenant
XXXX - this.delegatorTenantId: null
XXXX - helperInfo: org.sitenetsoft.sunseterp.framework.entity.datasource.GenericHelperInfo@7be3a9ce
XXXX - helperInfo: org.sitenetsoft.sunseterp.framework.entity.datasource.GenericHelperInfo@7be3a9ce
XXXXXXXXXXXXXXXXXXXXXXXXXXXXXXXXXXXXXXXXXXXXXXXXXXXXXXXXXXXXXXXXXXXXXXXXXXXXX
this.getGroupHelperInfo(this.getEntityGroupName(entityName)): org.sitenetsoft.sunseterp.framework.entity.datasource.GenericHelperInfo@7be3a9ce
---====---====---====---====---====---====---====---
entityName: Component
this.delegatorBaseName: default
XXXXXXX-------XXXXXXXX-----getGroupHelperInfo-----XXXXXXX-------XXXXXXXX
XXXX - entityGroupName: org.sitenetsoft.sunseterp.framework.tenant
XXXX - helperBaseName: localderbytenant
XXXX - this.delegatorTenantId: null
XXXX - helperInfo: org.sitenetsoft.sunseterp.framework.entity.datasource.GenericHelperInfo@37d871c2
XXXX - helperInfo: org.sitenetsoft.sunseterp.framework.entity.datasource.GenericHelperInfo@37d871c2
XXXXXXXXXXXXXXXXXXXXXXXXXXXXXXXXXXXXXXXXXXXXXXXXXXXXXXXXXXXXXXXXXXXXXXXXXXXXX
========getEntityHelper=======
entityName: Component
helperInfo: org.sitenetsoft.sunseterp.framework.entity.datasource.GenericHelperInfo@37d871c2
future = java.util.concurrent.FutureTask@2650f79[Completed normally]
09:39:18.217 [main] ERROR org.sitenetsoft.sunseterp.framework.entity.GenericDelegator - Failure in findByCondition operation for entity [Component]: org.sitenetsoft.sunseterp.framework.entity.GenericDataSourceException: Cannot get autoCommit status from connection (Connection can not be used while enlisted in another transaction). Rolling back transaction.
org.sitenetsoft.sunseterp.framework.entity.GenericDataSourceException: Cannot get autoCommit status from connection (Connection can not be used while enlisted in another transaction)
	at org.sitenetsoft.sunseterp.framework.entity.jdbc.SQLProcessor.getConnection(SQLProcessor.java:303) ~[main/:?]
	at org.sitenetsoft.sunseterp.framework.entity.jdbc.SQLProcessor.prepareStatement(SQLProcessor.java:366) ~[main/:?]
	at org.sitenetsoft.sunseterp.framework.entity.datasource.GenericDAO.selectListIteratorByCondition(GenericDAO.java:784) ~[main/:?]
	at org.sitenetsoft.sunseterp.framework.entity.datasource.GenericHelperDAO.findListIteratorByCondition(GenericHelperDAO.java:153) ~[main/:?]
	at org.sitenetsoft.sunseterp.framework.entity.GenericDelegator.find(GenericDelegator.java:1612) ~[main/:?]
	at org.sitenetsoft.sunseterp.framework.entity.GenericDelegator.findList(GenericDelegator.java:1660) [main/:?]
	at org.sitenetsoft.sunseterp.framework.entity.util.EntityQuery.query(EntityQuery.java:461) [main/:?]
	at org.sitenetsoft.sunseterp.framework.entity.util.EntityQuery.queryList(EntityQuery.java:390) [main/:?]
	at org.sitenetsoft.sunseterp.framework.entity.util.EntityQuery.queryOne(EntityQuery.java:434) [main/:?]
	at org.sitenetsoft.sunseterp.framework.entityext.data.EntityDataLoadContainer.createOrUpdateComponentEntities(EntityDataLoadContainer.java:301) [main/:?]
	at org.sitenetsoft.sunseterp.framework.entityext.data.EntityDataLoadContainer.loadDataForDelegator(EntityDataLoadContainer.java:171) [main/:?]
	at org.sitenetsoft.sunseterp.framework.entityext.data.EntityDataLoadContainer.init(EntityDataLoadContainer.java:105) [main/:?]
	at org.sitenetsoft.sunseterp.framework.base.container.ContainerLoader.loadContainer(ContainerLoader.java:160) [main/:?]
	at org.sitenetsoft.sunseterp.framework.base.container.ContainerLoader.loadContainersFromConfigurations(ContainerLoader.java:115) [main/:?]
	at org.sitenetsoft.sunseterp.framework.base.container.ContainerLoader.load(ContainerLoader.java:78) [main/:?]
	at org.sitenetsoft.sunseterp.framework.start.StartupControlPanel.loadContainers(StartupControlPanel.java:154) [main/:?]
	at org.sitenetsoft.sunseterp.framework.start.StartupControlPanel.start(StartupControlPanel.java:75) [main/:?]
	at org.sitenetsoft.sunseterp.framework.start.Start.main(Start.java:93) [main/:?]
	at org.sitenetsoft.sunseterp.cli.EntityCommand.loadAll(EntityCommand.java:37) [main/:?]
	at java.base/jdk.internal.reflect.NativeMethodAccessorImpl.invoke0(Native Method) ~[?:?]
	at java.base/jdk.internal.reflect.NativeMethodAccessorImpl.invoke(NativeMethodAccessorImpl.java:77) ~[?:?]
	at java.base/jdk.internal.reflect.DelegatingMethodAccessorImpl.invoke(DelegatingMethodAccessorImpl.java:43) ~[?:?]
	at java.base/java.lang.reflect.Method.invoke(Method.java:568) ~[?:?]
	at picocli.CommandLine.executeUserObject(CommandLine.java:2066) [picocli-4.7.5.jar:4.7.5]
	at picocli.CommandLine.access$1500(CommandLine.java:148) [picocli-4.7.5.jar:4.7.5]
	at picocli.CommandLine$RunLast.executeUserObjectOfLastSubcommandWithSameParent(CommandLine.java:2461) [picocli-4.7.5.jar:4.7.5]
	at picocli.CommandLine$RunLast.handle(CommandLine.java:2453) [picocli-4.7.5.jar:4.7.5]
	at picocli.CommandLine$RunLast.handle(CommandLine.java:2415) [picocli-4.7.5.jar:4.7.5]
	at picocli.CommandLine$AbstractParseResultHandler.execute(CommandLine.java:2273) [picocli-4.7.5.jar:4.7.5]
	at picocli.CommandLine$RunLast.execute(CommandLine.java:2417) [picocli-4.7.5.jar:4.7.5]
	at picocli.CommandLine.execute(CommandLine.java:2170) [picocli-4.7.5.jar:4.7.5]
	at org.sitenetsoft.sunseterp.cli.CliRunner.main(CliRunner.java:36) [main/:?]
Caused by: java.sql.SQLException: Connection can not be used while enlisted in another transaction
	at org.apache.commons.dbcp2.managed.ManagedConnection.updateTransactionStatus(ManagedConnection.java:243) ~[commons-dbcp2-2.12.0.jar:2.12.0]
	at org.apache.commons.dbcp2.managed.ManagedConnection.checkOpen(ManagedConnection.java:94) ~[commons-dbcp2-2.12.0.jar:2.12.0]
	at org.apache.commons.dbcp2.DelegatingConnection.getAutoCommit(DelegatingConnection.java:306) ~[commons-dbcp2-2.12.0.jar:2.12.0]
	at org.sitenetsoft.sunseterp.framework.entity.jdbc.SQLProcessor.getConnection(SQLProcessor.java:292) ~[main/:?]
	... 31 more
09:39:18.239 [main] ERROR org.sitenetsoft.sunseterp.framework.entityext.data.EntityDataLoadContainer - org.sitenetsoft.sunseterp.framework.entity.GenericDataSourceException: Cannot get autoCommit status from connection (Connection can not be used while enlisted in another transaction) (Cannot get autoCommit status from connection (Connection can not be used while enlisted in another transaction))
---====---====---getEntityHelperInfo---====---====---
entityName: Component
entityName: Component
this.delegatorBaseName: default
this.getEntityGroupName(entityName): org.sitenetsoft.sunseterp.framework.tenant
entityName: Component
this.delegatorBaseName: default
XXXXXXX-------XXXXXXXX-----getGroupHelperInfo-----XXXXXXX-------XXXXXXXX
XXXX - entityGroupName: org.sitenetsoft.sunseterp.framework.tenant
XXXX - helperBaseName: localderbytenant
XXXX - this.delegatorTenantId: null
XXXX - helperInfo: org.sitenetsoft.sunseterp.framework.entity.datasource.GenericHelperInfo@5e671e20
XXXX - helperInfo: org.sitenetsoft.sunseterp.framework.entity.datasource.GenericHelperInfo@5e671e20
XXXXXXXXXXXXXXXXXXXXXXXXXXXXXXXXXXXXXXXXXXXXXXXXXXXXXXXXXXXXXXXXXXXXXXXXXXXXX
this.getGroupHelperInfo(this.getEntityGroupName(entityName)): org.sitenetsoft.sunseterp.framework.entity.datasource.GenericHelperInfo@5e671e20
---====---====---====---====---====---====---====---
entityName: Component
this.delegatorBaseName: default
XXXXXXX-------XXXXXXXX-----getGroupHelperInfo-----XXXXXXX-------XXXXXXXX
XXXX - entityGroupName: org.sitenetsoft.sunseterp.framework.tenant
XXXX - helperBaseName: localderbytenant
XXXX - this.delegatorTenantId: null
XXXX - helperInfo: org.sitenetsoft.sunseterp.framework.entity.datasource.GenericHelperInfo@3eabe84a
XXXX - helperInfo: org.sitenetsoft.sunseterp.framework.entity.datasource.GenericHelperInfo@3eabe84a
XXXXXXXXXXXXXXXXXXXXXXXXXXXXXXXXXXXXXXXXXXXXXXXXXXXXXXXXXXXXXXXXXXXXXXXXXXXXX
========getEntityHelper=======
entityName: Component
helperInfo: org.sitenetsoft.sunseterp.framework.entity.datasource.GenericHelperInfo@3eabe84a
future = java.util.concurrent.FutureTask@2650f79[Completed normally]
09:39:18.244 [main] ERROR org.sitenetsoft.sunseterp.framework.entity.GenericDelegator - Failure in findByCondition operation for entity [Component]: org.sitenetsoft.sunseterp.framework.entity.GenericDataSourceException: Cannot get autoCommit status from connection (Connection can not be used while enlisted in another transaction). Rolling back transaction.
org.sitenetsoft.sunseterp.framework.entity.GenericDataSourceException: Cannot get autoCommit status from connection (Connection can not be used while enlisted in another transaction)
	at org.sitenetsoft.sunseterp.framework.entity.jdbc.SQLProcessor.getConnection(SQLProcessor.java:303) ~[main/:?]
	at org.sitenetsoft.sunseterp.framework.entity.jdbc.SQLProcessor.prepareStatement(SQLProcessor.java:366) ~[main/:?]
	at org.sitenetsoft.sunseterp.framework.entity.datasource.GenericDAO.selectListIteratorByCondition(GenericDAO.java:784) ~[main/:?]
	at org.sitenetsoft.sunseterp.framework.entity.datasource.GenericHelperDAO.findListIteratorByCondition(GenericHelperDAO.java:153) ~[main/:?]
	at org.sitenetsoft.sunseterp.framework.entity.GenericDelegator.find(GenericDelegator.java:1612) ~[main/:?]
	at org.sitenetsoft.sunseterp.framework.entity.GenericDelegator.findList(GenericDelegator.java:1660) [main/:?]
	at org.sitenetsoft.sunseterp.framework.entity.util.EntityQuery.query(EntityQuery.java:461) [main/:?]
	at org.sitenetsoft.sunseterp.framework.entity.util.EntityQuery.queryList(EntityQuery.java:390) [main/:?]
	at org.sitenetsoft.sunseterp.framework.entity.util.EntityQuery.queryOne(EntityQuery.java:434) [main/:?]
	at org.sitenetsoft.sunseterp.framework.entityext.data.EntityDataLoadContainer.createOrUpdateComponentEntities(EntityDataLoadContainer.java:301) [main/:?]
	at org.sitenetsoft.sunseterp.framework.entityext.data.EntityDataLoadContainer.loadDataForDelegator(EntityDataLoadContainer.java:171) [main/:?]
	at org.sitenetsoft.sunseterp.framework.entityext.data.EntityDataLoadContainer.init(EntityDataLoadContainer.java:105) [main/:?]
	at org.sitenetsoft.sunseterp.framework.base.container.ContainerLoader.loadContainer(ContainerLoader.java:160) [main/:?]
	at org.sitenetsoft.sunseterp.framework.base.container.ContainerLoader.loadContainersFromConfigurations(ContainerLoader.java:115) [main/:?]
	at org.sitenetsoft.sunseterp.framework.base.container.ContainerLoader.load(ContainerLoader.java:78) [main/:?]
	at org.sitenetsoft.sunseterp.framework.start.StartupControlPanel.loadContainers(StartupControlPanel.java:154) [main/:?]
	at org.sitenetsoft.sunseterp.framework.start.StartupControlPanel.start(StartupControlPanel.java:75) [main/:?]
	at org.sitenetsoft.sunseterp.framework.start.Start.main(Start.java:93) [main/:?]
	at org.sitenetsoft.sunseterp.cli.EntityCommand.loadAll(EntityCommand.java:37) [main/:?]
	at java.base/jdk.internal.reflect.NativeMethodAccessorImpl.invoke0(Native Method) ~[?:?]
	at java.base/jdk.internal.reflect.NativeMethodAccessorImpl.invoke(NativeMethodAccessorImpl.java:77) ~[?:?]
	at java.base/jdk.internal.reflect.DelegatingMethodAccessorImpl.invoke(DelegatingMethodAccessorImpl.java:43) ~[?:?]
	at java.base/java.lang.reflect.Method.invoke(Method.java:568) ~[?:?]
	at picocli.CommandLine.executeUserObject(CommandLine.java:2066) [picocli-4.7.5.jar:4.7.5]
	at picocli.CommandLine.access$1500(CommandLine.java:148) [picocli-4.7.5.jar:4.7.5]
	at picocli.CommandLine$RunLast.executeUserObjectOfLastSubcommandWithSameParent(CommandLine.java:2461) [picocli-4.7.5.jar:4.7.5]
	at picocli.CommandLine$RunLast.handle(CommandLine.java:2453) [picocli-4.7.5.jar:4.7.5]
	at picocli.CommandLine$RunLast.handle(CommandLine.java:2415) [picocli-4.7.5.jar:4.7.5]
	at picocli.CommandLine$AbstractParseResultHandler.execute(CommandLine.java:2273) [picocli-4.7.5.jar:4.7.5]
	at picocli.CommandLine$RunLast.execute(CommandLine.java:2417) [picocli-4.7.5.jar:4.7.5]
	at picocli.CommandLine.execute(CommandLine.java:2170) [picocli-4.7.5.jar:4.7.5]
	at org.sitenetsoft.sunseterp.cli.CliRunner.main(CliRunner.java:36) [main/:?]
Caused by: java.sql.SQLException: Connection can not be used while enlisted in another transaction
	at org.apache.commons.dbcp2.managed.ManagedConnection.updateTransactionStatus(ManagedConnection.java:243) ~[commons-dbcp2-2.12.0.jar:2.12.0]
	at org.apache.commons.dbcp2.managed.ManagedConnection.checkOpen(ManagedConnection.java:94) ~[commons-dbcp2-2.12.0.jar:2.12.0]
	at org.apache.commons.dbcp2.DelegatingConnection.getAutoCommit(DelegatingConnection.java:306) ~[commons-dbcp2-2.12.0.jar:2.12.0]
	at org.sitenetsoft.sunseterp.framework.entity.jdbc.SQLProcessor.getConnection(SQLProcessor.java:292) ~[main/:?]
	... 31 more
09:39:18.248 [main] ERROR org.sitenetsoft.sunseterp.framework.entityext.data.EntityDataLoadContainer - org.sitenetsoft.sunseterp.framework.entity.GenericDataSourceException: Cannot get autoCommit status from connection (Connection can not be used while enlisted in another transaction) (Cannot get autoCommit status from connection (Connection can not be used while enlisted in another transaction))
---====---====---getEntityHelperInfo---====---====---
entityName: Component
entityName: Component
this.delegatorBaseName: default
this.getEntityGroupName(entityName): org.sitenetsoft.sunseterp.framework.tenant
entityName: Component
this.delegatorBaseName: default
XXXXXXX-------XXXXXXXX-----getGroupHelperInfo-----XXXXXXX-------XXXXXXXX
XXXX - entityGroupName: org.sitenetsoft.sunseterp.framework.tenant
XXXX - helperBaseName: localderbytenant
XXXX - this.delegatorTenantId: null
XXXX - helperInfo: org.sitenetsoft.sunseterp.framework.entity.datasource.GenericHelperInfo@4c2fb9dd
XXXX - helperInfo: org.sitenetsoft.sunseterp.framework.entity.datasource.GenericHelperInfo@4c2fb9dd
XXXXXXXXXXXXXXXXXXXXXXXXXXXXXXXXXXXXXXXXXXXXXXXXXXXXXXXXXXXXXXXXXXXXXXXXXXXXX
this.getGroupHelperInfo(this.getEntityGroupName(entityName)): org.sitenetsoft.sunseterp.framework.entity.datasource.GenericHelperInfo@4c2fb9dd
---====---====---====---====---====---====---====---
entityName: Component
this.delegatorBaseName: default
XXXXXXX-------XXXXXXXX-----getGroupHelperInfo-----XXXXXXX-------XXXXXXXX
XXXX - entityGroupName: org.sitenetsoft.sunseterp.framework.tenant
XXXX - helperBaseName: localderbytenant
XXXX - this.delegatorTenantId: null
XXXX - helperInfo: org.sitenetsoft.sunseterp.framework.entity.datasource.GenericHelperInfo@54f4a7f0
XXXX - helperInfo: org.sitenetsoft.sunseterp.framework.entity.datasource.GenericHelperInfo@54f4a7f0
XXXXXXXXXXXXXXXXXXXXXXXXXXXXXXXXXXXXXXXXXXXXXXXXXXXXXXXXXXXXXXXXXXXXXXXXXXXXX
========getEntityHelper=======
entityName: Component
helperInfo: org.sitenetsoft.sunseterp.framework.entity.datasource.GenericHelperInfo@54f4a7f0
future = java.util.concurrent.FutureTask@2650f79[Completed normally]
09:39:18.251 [main] ERROR org.sitenetsoft.sunseterp.framework.entity.GenericDelegator - Failure in findByCondition operation for entity [Component]: org.sitenetsoft.sunseterp.framework.entity.GenericDataSourceException: Cannot get autoCommit status from connection (Connection can not be used while enlisted in another transaction). Rolling back transaction.
org.sitenetsoft.sunseterp.framework.entity.GenericDataSourceException: Cannot get autoCommit status from connection (Connection can not be used while enlisted in another transaction)
	at org.sitenetsoft.sunseterp.framework.entity.jdbc.SQLProcessor.getConnection(SQLProcessor.java:303) ~[main/:?]
	at org.sitenetsoft.sunseterp.framework.entity.jdbc.SQLProcessor.prepareStatement(SQLProcessor.java:366) ~[main/:?]
	at org.sitenetsoft.sunseterp.framework.entity.datasource.GenericDAO.selectListIteratorByCondition(GenericDAO.java:784) ~[main/:?]
	at org.sitenetsoft.sunseterp.framework.entity.datasource.GenericHelperDAO.findListIteratorByCondition(GenericHelperDAO.java:153) ~[main/:?]
	at org.sitenetsoft.sunseterp.framework.entity.GenericDelegator.find(GenericDelegator.java:1612) ~[main/:?]
	at org.sitenetsoft.sunseterp.framework.entity.GenericDelegator.findList(GenericDelegator.java:1660) [main/:?]
	at org.sitenetsoft.sunseterp.framework.entity.util.EntityQuery.query(EntityQuery.java:461) [main/:?]
	at org.sitenetsoft.sunseterp.framework.entity.util.EntityQuery.queryList(EntityQuery.java:390) [main/:?]
	at org.sitenetsoft.sunseterp.framework.entity.util.EntityQuery.queryOne(EntityQuery.java:434) [main/:?]
	at org.sitenetsoft.sunseterp.framework.entityext.data.EntityDataLoadContainer.createOrUpdateComponentEntities(EntityDataLoadContainer.java:301) [main/:?]
	at org.sitenetsoft.sunseterp.framework.entityext.data.EntityDataLoadContainer.loadDataForDelegator(EntityDataLoadContainer.java:171) [main/:?]
	at org.sitenetsoft.sunseterp.framework.entityext.data.EntityDataLoadContainer.init(EntityDataLoadContainer.java:105) [main/:?]
	at org.sitenetsoft.sunseterp.framework.base.container.ContainerLoader.loadContainer(ContainerLoader.java:160) [main/:?]
	at org.sitenetsoft.sunseterp.framework.base.container.ContainerLoader.loadContainersFromConfigurations(ContainerLoader.java:115) [main/:?]
	at org.sitenetsoft.sunseterp.framework.base.container.ContainerLoader.load(ContainerLoader.java:78) [main/:?]
	at org.sitenetsoft.sunseterp.framework.start.StartupControlPanel.loadContainers(StartupControlPanel.java:154) [main/:?]
	at org.sitenetsoft.sunseterp.framework.start.StartupControlPanel.start(StartupControlPanel.java:75) [main/:?]
	at org.sitenetsoft.sunseterp.framework.start.Start.main(Start.java:93) [main/:?]
	at org.sitenetsoft.sunseterp.cli.EntityCommand.loadAll(EntityCommand.java:37) [main/:?]
	at java.base/jdk.internal.reflect.NativeMethodAccessorImpl.invoke0(Native Method) ~[?:?]
	at java.base/jdk.internal.reflect.NativeMethodAccessorImpl.invoke(NativeMethodAccessorImpl.java:77) ~[?:?]
	at java.base/jdk.internal.reflect.DelegatingMethodAccessorImpl.invoke(DelegatingMethodAccessorImpl.java:43) ~[?:?]
	at java.base/java.lang.reflect.Method.invoke(Method.java:568) ~[?:?]
	at picocli.CommandLine.executeUserObject(CommandLine.java:2066) [picocli-4.7.5.jar:4.7.5]
	at picocli.CommandLine.access$1500(CommandLine.java:148) [picocli-4.7.5.jar:4.7.5]
	at picocli.CommandLine$RunLast.executeUserObjectOfLastSubcommandWithSameParent(CommandLine.java:2461) [picocli-4.7.5.jar:4.7.5]
	at picocli.CommandLine$RunLast.handle(CommandLine.java:2453) [picocli-4.7.5.jar:4.7.5]
	at picocli.CommandLine$RunLast.handle(CommandLine.java:2415) [picocli-4.7.5.jar:4.7.5]
	at picocli.CommandLine$AbstractParseResultHandler.execute(CommandLine.java:2273) [picocli-4.7.5.jar:4.7.5]
	at picocli.CommandLine$RunLast.execute(CommandLine.java:2417) [picocli-4.7.5.jar:4.7.5]
	at picocli.CommandLine.execute(CommandLine.java:2170) [picocli-4.7.5.jar:4.7.5]
	at org.sitenetsoft.sunseterp.cli.CliRunner.main(CliRunner.java:36) [main/:?]
Caused by: java.sql.SQLException: Connection can not be used while enlisted in another transaction
	at org.apache.commons.dbcp2.managed.ManagedConnection.updateTransactionStatus(ManagedConnection.java:243) ~[commons-dbcp2-2.12.0.jar:2.12.0]
	at org.apache.commons.dbcp2.managed.ManagedConnection.checkOpen(ManagedConnection.java:94) ~[commons-dbcp2-2.12.0.jar:2.12.0]
	at org.apache.commons.dbcp2.DelegatingConnection.getAutoCommit(DelegatingConnection.java:306) ~[commons-dbcp2-2.12.0.jar:2.12.0]
	at org.sitenetsoft.sunseterp.framework.entity.jdbc.SQLProcessor.getConnection(SQLProcessor.java:292) ~[main/:?]
	... 31 more
09:39:18.254 [main] ERROR org.sitenetsoft.sunseterp.framework.entityext.data.EntityDataLoadContainer - org.sitenetsoft.sunseterp.framework.entity.GenericDataSourceException: Cannot get autoCommit status from connection (Connection can not be used while enlisted in another transaction) (Cannot get autoCommit status from connection (Connection can not be used while enlisted in another transaction))
---====---====---getEntityHelperInfo---====---====---
entityName: Component
entityName: Component
this.delegatorBaseName: default
this.getEntityGroupName(entityName): org.sitenetsoft.sunseterp.framework.tenant
entityName: Component
this.delegatorBaseName: default
XXXXXXX-------XXXXXXXX-----getGroupHelperInfo-----XXXXXXX-------XXXXXXXX
XXXX - entityGroupName: org.sitenetsoft.sunseterp.framework.tenant
XXXX - helperBaseName: localderbytenant
XXXX - this.delegatorTenantId: null
XXXX - helperInfo: org.sitenetsoft.sunseterp.framework.entity.datasource.GenericHelperInfo@23eff5d1
XXXX - helperInfo: org.sitenetsoft.sunseterp.framework.entity.datasource.GenericHelperInfo@23eff5d1
XXXXXXXXXXXXXXXXXXXXXXXXXXXXXXXXXXXXXXXXXXXXXXXXXXXXXXXXXXXXXXXXXXXXXXXXXXXXX
this.getGroupHelperInfo(this.getEntityGroupName(entityName)): org.sitenetsoft.sunseterp.framework.entity.datasource.GenericHelperInfo@23eff5d1
---====---====---====---====---====---====---====---
entityName: Component
this.delegatorBaseName: default
XXXXXXX-------XXXXXXXX-----getGroupHelperInfo-----XXXXXXX-------XXXXXXXX
XXXX - entityGroupName: org.sitenetsoft.sunseterp.framework.tenant
XXXX - helperBaseName: localderbytenant
XXXX - this.delegatorTenantId: null
XXXX - helperInfo: org.sitenetsoft.sunseterp.framework.entity.datasource.GenericHelperInfo@2e060819
XXXX - helperInfo: org.sitenetsoft.sunseterp.framework.entity.datasource.GenericHelperInfo@2e060819
XXXXXXXXXXXXXXXXXXXXXXXXXXXXXXXXXXXXXXXXXXXXXXXXXXXXXXXXXXXXXXXXXXXXXXXXXXXXX
========getEntityHelper=======
entityName: Component
helperInfo: org.sitenetsoft.sunseterp.framework.entity.datasource.GenericHelperInfo@2e060819
future = java.util.concurrent.FutureTask@2650f79[Completed normally]
09:39:18.261 [main] ERROR org.sitenetsoft.sunseterp.framework.entity.GenericDelegator - Failure in findByCondition operation for entity [Component]: org.sitenetsoft.sunseterp.framework.entity.GenericDataSourceException: Cannot get autoCommit status from connection (Connection can not be used while enlisted in another transaction). Rolling back transaction.
org.sitenetsoft.sunseterp.framework.entity.GenericDataSourceException: Cannot get autoCommit status from connection (Connection can not be used while enlisted in another transaction)
	at org.sitenetsoft.sunseterp.framework.entity.jdbc.SQLProcessor.getConnection(SQLProcessor.java:303) ~[main/:?]
	at org.sitenetsoft.sunseterp.framework.entity.jdbc.SQLProcessor.prepareStatement(SQLProcessor.java:366) ~[main/:?]
	at org.sitenetsoft.sunseterp.framework.entity.datasource.GenericDAO.selectListIteratorByCondition(GenericDAO.java:784) ~[main/:?]
	at org.sitenetsoft.sunseterp.framework.entity.datasource.GenericHelperDAO.findListIteratorByCondition(GenericHelperDAO.java:153) ~[main/:?]
	at org.sitenetsoft.sunseterp.framework.entity.GenericDelegator.find(GenericDelegator.java:1612) ~[main/:?]
	at org.sitenetsoft.sunseterp.framework.entity.GenericDelegator.findList(GenericDelegator.java:1660) [main/:?]
	at org.sitenetsoft.sunseterp.framework.entity.util.EntityQuery.query(EntityQuery.java:461) [main/:?]
	at org.sitenetsoft.sunseterp.framework.entity.util.EntityQuery.queryList(EntityQuery.java:390) [main/:?]
	at org.sitenetsoft.sunseterp.framework.entity.util.EntityQuery.queryOne(EntityQuery.java:434) [main/:?]
	at org.sitenetsoft.sunseterp.framework.entityext.data.EntityDataLoadContainer.createOrUpdateComponentEntities(EntityDataLoadContainer.java:301) [main/:?]
	at org.sitenetsoft.sunseterp.framework.entityext.data.EntityDataLoadContainer.loadDataForDelegator(EntityDataLoadContainer.java:171) [main/:?]
	at org.sitenetsoft.sunseterp.framework.entityext.data.EntityDataLoadContainer.init(EntityDataLoadContainer.java:105) [main/:?]
	at org.sitenetsoft.sunseterp.framework.base.container.ContainerLoader.loadContainer(ContainerLoader.java:160) [main/:?]
	at org.sitenetsoft.sunseterp.framework.base.container.ContainerLoader.loadContainersFromConfigurations(ContainerLoader.java:115) [main/:?]
	at org.sitenetsoft.sunseterp.framework.base.container.ContainerLoader.load(ContainerLoader.java:78) [main/:?]
	at org.sitenetsoft.sunseterp.framework.start.StartupControlPanel.loadContainers(StartupControlPanel.java:154) [main/:?]
	at org.sitenetsoft.sunseterp.framework.start.StartupControlPanel.start(StartupControlPanel.java:75) [main/:?]
	at org.sitenetsoft.sunseterp.framework.start.Start.main(Start.java:93) [main/:?]
	at org.sitenetsoft.sunseterp.cli.EntityCommand.loadAll(EntityCommand.java:37) [main/:?]
	at java.base/jdk.internal.reflect.NativeMethodAccessorImpl.invoke0(Native Method) ~[?:?]
	at java.base/jdk.internal.reflect.NativeMethodAccessorImpl.invoke(NativeMethodAccessorImpl.java:77) ~[?:?]
	at java.base/jdk.internal.reflect.DelegatingMethodAccessorImpl.invoke(DelegatingMethodAccessorImpl.java:43) ~[?:?]
	at java.base/java.lang.reflect.Method.invoke(Method.java:568) ~[?:?]
	at picocli.CommandLine.executeUserObject(CommandLine.java:2066) [picocli-4.7.5.jar:4.7.5]
	at picocli.CommandLine.access$1500(CommandLine.java:148) [picocli-4.7.5.jar:4.7.5]
	at picocli.CommandLine$RunLast.executeUserObjectOfLastSubcommandWithSameParent(CommandLine.java:2461) [picocli-4.7.5.jar:4.7.5]
	at picocli.CommandLine$RunLast.handle(CommandLine.java:2453) [picocli-4.7.5.jar:4.7.5]
	at picocli.CommandLine$RunLast.handle(CommandLine.java:2415) [picocli-4.7.5.jar:4.7.5]
	at picocli.CommandLine$AbstractParseResultHandler.execute(CommandLine.java:2273) [picocli-4.7.5.jar:4.7.5]
	at picocli.CommandLine$RunLast.execute(CommandLine.java:2417) [picocli-4.7.5.jar:4.7.5]
	at picocli.CommandLine.execute(CommandLine.java:2170) [picocli-4.7.5.jar:4.7.5]
	at org.sitenetsoft.sunseterp.cli.CliRunner.main(CliRunner.java:36) [main/:?]
Caused by: java.sql.SQLException: Connection can not be used while enlisted in another transaction
	at org.apache.commons.dbcp2.managed.ManagedConnection.updateTransactionStatus(ManagedConnection.java:243) ~[commons-dbcp2-2.12.0.jar:2.12.0]
	at org.apache.commons.dbcp2.managed.ManagedConnection.checkOpen(ManagedConnection.java:94) ~[commons-dbcp2-2.12.0.jar:2.12.0]
	at org.apache.commons.dbcp2.DelegatingConnection.getAutoCommit(DelegatingConnection.java:306) ~[commons-dbcp2-2.12.0.jar:2.12.0]
	at org.sitenetsoft.sunseterp.framework.entity.jdbc.SQLProcessor.getConnection(SQLProcessor.java:292) ~[main/:?]
	... 31 more
09:39:18.262 [main] ERROR org.sitenetsoft.sunseterp.framework.entityext.data.EntityDataLoadContainer - org.sitenetsoft.sunseterp.framework.entity.GenericDataSourceException: Cannot get autoCommit status from connection (Connection can not be used while enlisted in another transaction) (Cannot get autoCommit status from connection (Connection can not be used while enlisted in another transaction))
---====---====---getEntityHelperInfo---====---====---
entityName: Component
entityName: Component
this.delegatorBaseName: default
this.getEntityGroupName(entityName): org.sitenetsoft.sunseterp.framework.tenant
entityName: Component
this.delegatorBaseName: default
XXXXXXX-------XXXXXXXX-----getGroupHelperInfo-----XXXXXXX-------XXXXXXXX
XXXX - entityGroupName: org.sitenetsoft.sunseterp.framework.tenant
XXXX - helperBaseName: localderbytenant
XXXX - this.delegatorTenantId: null
XXXX - helperInfo: org.sitenetsoft.sunseterp.framework.entity.datasource.GenericHelperInfo@2903c6ff
XXXX - helperInfo: org.sitenetsoft.sunseterp.framework.entity.datasource.GenericHelperInfo@2903c6ff
XXXXXXXXXXXXXXXXXXXXXXXXXXXXXXXXXXXXXXXXXXXXXXXXXXXXXXXXXXXXXXXXXXXXXXXXXXXXX
this.getGroupHelperInfo(this.getEntityGroupName(entityName)): org.sitenetsoft.sunseterp.framework.entity.datasource.GenericHelperInfo@2903c6ff
---====---====---====---====---====---====---====---
entityName: Component
this.delegatorBaseName: default
XXXXXXX-------XXXXXXXX-----getGroupHelperInfo-----XXXXXXX-------XXXXXXXX
XXXX - entityGroupName: org.sitenetsoft.sunseterp.framework.tenant
XXXX - helperBaseName: localderbytenant
XXXX - this.delegatorTenantId: null
XXXX - helperInfo: org.sitenetsoft.sunseterp.framework.entity.datasource.GenericHelperInfo@61af1510
XXXX - helperInfo: org.sitenetsoft.sunseterp.framework.entity.datasource.GenericHelperInfo@61af1510
XXXXXXXXXXXXXXXXXXXXXXXXXXXXXXXXXXXXXXXXXXXXXXXXXXXXXXXXXXXXXXXXXXXXXXXXXXXXX
========getEntityHelper=======
entityName: Component
helperInfo: org.sitenetsoft.sunseterp.framework.entity.datasource.GenericHelperInfo@61af1510
future = java.util.concurrent.FutureTask@2650f79[Completed normally]
09:39:18.266 [main] ERROR org.sitenetsoft.sunseterp.framework.entity.GenericDelegator - Failure in findByCondition operation for entity [Component]: org.sitenetsoft.sunseterp.framework.entity.GenericDataSourceException: Cannot get autoCommit status from connection (Connection can not be used while enlisted in another transaction). Rolling back transaction.
org.sitenetsoft.sunseterp.framework.entity.GenericDataSourceException: Cannot get autoCommit status from connection (Connection can not be used while enlisted in another transaction)
	at org.sitenetsoft.sunseterp.framework.entity.jdbc.SQLProcessor.getConnection(SQLProcessor.java:303) ~[main/:?]
	at org.sitenetsoft.sunseterp.framework.entity.jdbc.SQLProcessor.prepareStatement(SQLProcessor.java:366) ~[main/:?]
	at org.sitenetsoft.sunseterp.framework.entity.datasource.GenericDAO.selectListIteratorByCondition(GenericDAO.java:784) ~[main/:?]
	at org.sitenetsoft.sunseterp.framework.entity.datasource.GenericHelperDAO.findListIteratorByCondition(GenericHelperDAO.java:153) ~[main/:?]
	at org.sitenetsoft.sunseterp.framework.entity.GenericDelegator.find(GenericDelegator.java:1612) ~[main/:?]
	at org.sitenetsoft.sunseterp.framework.entity.GenericDelegator.findList(GenericDelegator.java:1660) [main/:?]
	at org.sitenetsoft.sunseterp.framework.entity.util.EntityQuery.query(EntityQuery.java:461) [main/:?]
	at org.sitenetsoft.sunseterp.framework.entity.util.EntityQuery.queryList(EntityQuery.java:390) [main/:?]
	at org.sitenetsoft.sunseterp.framework.entity.util.EntityQuery.queryOne(EntityQuery.java:434) [main/:?]
	at org.sitenetsoft.sunseterp.framework.entityext.data.EntityDataLoadContainer.createOrUpdateComponentEntities(EntityDataLoadContainer.java:301) [main/:?]
	at org.sitenetsoft.sunseterp.framework.entityext.data.EntityDataLoadContainer.loadDataForDelegator(EntityDataLoadContainer.java:171) [main/:?]
	at org.sitenetsoft.sunseterp.framework.entityext.data.EntityDataLoadContainer.init(EntityDataLoadContainer.java:105) [main/:?]
	at org.sitenetsoft.sunseterp.framework.base.container.ContainerLoader.loadContainer(ContainerLoader.java:160) [main/:?]
	at org.sitenetsoft.sunseterp.framework.base.container.ContainerLoader.loadContainersFromConfigurations(ContainerLoader.java:115) [main/:?]
	at org.sitenetsoft.sunseterp.framework.base.container.ContainerLoader.load(ContainerLoader.java:78) [main/:?]
	at org.sitenetsoft.sunseterp.framework.start.StartupControlPanel.loadContainers(StartupControlPanel.java:154) [main/:?]
	at org.sitenetsoft.sunseterp.framework.start.StartupControlPanel.start(StartupControlPanel.java:75) [main/:?]
	at org.sitenetsoft.sunseterp.framework.start.Start.main(Start.java:93) [main/:?]
	at org.sitenetsoft.sunseterp.cli.EntityCommand.loadAll(EntityCommand.java:37) [main/:?]
	at java.base/jdk.internal.reflect.NativeMethodAccessorImpl.invoke0(Native Method) ~[?:?]
	at java.base/jdk.internal.reflect.NativeMethodAccessorImpl.invoke(NativeMethodAccessorImpl.java:77) ~[?:?]
	at java.base/jdk.internal.reflect.DelegatingMethodAccessorImpl.invoke(DelegatingMethodAccessorImpl.java:43) ~[?:?]
	at java.base/java.lang.reflect.Method.invoke(Method.java:568) ~[?:?]
	at picocli.CommandLine.executeUserObject(CommandLine.java:2066) [picocli-4.7.5.jar:4.7.5]
	at picocli.CommandLine.access$1500(CommandLine.java:148) [picocli-4.7.5.jar:4.7.5]
	at picocli.CommandLine$RunLast.executeUserObjectOfLastSubcommandWithSameParent(CommandLine.java:2461) [picocli-4.7.5.jar:4.7.5]
	at picocli.CommandLine$RunLast.handle(CommandLine.java:2453) [picocli-4.7.5.jar:4.7.5]
	at picocli.CommandLine$RunLast.handle(CommandLine.java:2415) [picocli-4.7.5.jar:4.7.5]
	at picocli.CommandLine$AbstractParseResultHandler.execute(CommandLine.java:2273) [picocli-4.7.5.jar:4.7.5]
	at picocli.CommandLine$RunLast.execute(CommandLine.java:2417) [picocli-4.7.5.jar:4.7.5]
	at picocli.CommandLine.execute(CommandLine.java:2170) [picocli-4.7.5.jar:4.7.5]
	at org.sitenetsoft.sunseterp.cli.CliRunner.main(CliRunner.java:36) [main/:?]
Caused by: java.sql.SQLException: Connection can not be used while enlisted in another transaction
	at org.apache.commons.dbcp2.managed.ManagedConnection.updateTransactionStatus(ManagedConnection.java:243) ~[commons-dbcp2-2.12.0.jar:2.12.0]
	at org.apache.commons.dbcp2.managed.ManagedConnection.checkOpen(ManagedConnection.java:94) ~[commons-dbcp2-2.12.0.jar:2.12.0]
	at org.apache.commons.dbcp2.DelegatingConnection.getAutoCommit(DelegatingConnection.java:306) ~[commons-dbcp2-2.12.0.jar:2.12.0]
	at org.sitenetsoft.sunseterp.framework.entity.jdbc.SQLProcessor.getConnection(SQLProcessor.java:292) ~[main/:?]
	... 31 more
09:39:18.267 [main] ERROR org.sitenetsoft.sunseterp.framework.entityext.data.EntityDataLoadContainer - org.sitenetsoft.sunseterp.framework.entity.GenericDataSourceException: Cannot get autoCommit status from connection (Connection can not be used while enlisted in another transaction) (Cannot get autoCommit status from connection (Connection can not be used while enlisted in another transaction))
---====---====---getEntityHelperInfo---====---====---
entityName: Component
entityName: Component
this.delegatorBaseName: default
this.getEntityGroupName(entityName): org.sitenetsoft.sunseterp.framework.tenant
entityName: Component
this.delegatorBaseName: default
XXXXXXX-------XXXXXXXX-----getGroupHelperInfo-----XXXXXXX-------XXXXXXXX
XXXX - entityGroupName: org.sitenetsoft.sunseterp.framework.tenant
XXXX - helperBaseName: localderbytenant
XXXX - this.delegatorTenantId: null
XXXX - helperInfo: org.sitenetsoft.sunseterp.framework.entity.datasource.GenericHelperInfo@47af099e
XXXX - helperInfo: org.sitenetsoft.sunseterp.framework.entity.datasource.GenericHelperInfo@47af099e
XXXXXXXXXXXXXXXXXXXXXXXXXXXXXXXXXXXXXXXXXXXXXXXXXXXXXXXXXXXXXXXXXXXXXXXXXXXXX
this.getGroupHelperInfo(this.getEntityGroupName(entityName)): org.sitenetsoft.sunseterp.framework.entity.datasource.GenericHelperInfo@47af099e
---====---====---====---====---====---====---====---
entityName: Component
this.delegatorBaseName: default
XXXXXXX-------XXXXXXXX-----getGroupHelperInfo-----XXXXXXX-------XXXXXXXX
XXXX - entityGroupName: org.sitenetsoft.sunseterp.framework.tenant
XXXX - helperBaseName: localderbytenant
XXXX - this.delegatorTenantId: null
XXXX - helperInfo: org.sitenetsoft.sunseterp.framework.entity.datasource.GenericHelperInfo@700f518a
XXXX - helperInfo: org.sitenetsoft.sunseterp.framework.entity.datasource.GenericHelperInfo@700f518a
XXXXXXXXXXXXXXXXXXXXXXXXXXXXXXXXXXXXXXXXXXXXXXXXXXXXXXXXXXXXXXXXXXXXXXXXXXXXX
========getEntityHelper=======
entityName: Component
helperInfo: org.sitenetsoft.sunseterp.framework.entity.datasource.GenericHelperInfo@700f518a
future = java.util.concurrent.FutureTask@2650f79[Completed normally]
09:39:18.269 [main] ERROR org.sitenetsoft.sunseterp.framework.entity.GenericDelegator - Failure in findByCondition operation for entity [Component]: org.sitenetsoft.sunseterp.framework.entity.GenericDataSourceException: Cannot get autoCommit status from connection (Connection can not be used while enlisted in another transaction). Rolling back transaction.
org.sitenetsoft.sunseterp.framework.entity.GenericDataSourceException: Cannot get autoCommit status from connection (Connection can not be used while enlisted in another transaction)
	at org.sitenetsoft.sunseterp.framework.entity.jdbc.SQLProcessor.getConnection(SQLProcessor.java:303) ~[main/:?]
	at org.sitenetsoft.sunseterp.framework.entity.jdbc.SQLProcessor.prepareStatement(SQLProcessor.java:366) ~[main/:?]
	at org.sitenetsoft.sunseterp.framework.entity.datasource.GenericDAO.selectListIteratorByCondition(GenericDAO.java:784) ~[main/:?]
	at org.sitenetsoft.sunseterp.framework.entity.datasource.GenericHelperDAO.findListIteratorByCondition(GenericHelperDAO.java:153) ~[main/:?]
	at org.sitenetsoft.sunseterp.framework.entity.GenericDelegator.find(GenericDelegator.java:1612) ~[main/:?]
	at org.sitenetsoft.sunseterp.framework.entity.GenericDelegator.findList(GenericDelegator.java:1660) [main/:?]
	at org.sitenetsoft.sunseterp.framework.entity.util.EntityQuery.query(EntityQuery.java:461) [main/:?]
	at org.sitenetsoft.sunseterp.framework.entity.util.EntityQuery.queryList(EntityQuery.java:390) [main/:?]
	at org.sitenetsoft.sunseterp.framework.entity.util.EntityQuery.queryOne(EntityQuery.java:434) [main/:?]
	at org.sitenetsoft.sunseterp.framework.entityext.data.EntityDataLoadContainer.createOrUpdateComponentEntities(EntityDataLoadContainer.java:301) [main/:?]
	at org.sitenetsoft.sunseterp.framework.entityext.data.EntityDataLoadContainer.loadDataForDelegator(EntityDataLoadContainer.java:171) [main/:?]
	at org.sitenetsoft.sunseterp.framework.entityext.data.EntityDataLoadContainer.init(EntityDataLoadContainer.java:105) [main/:?]
	at org.sitenetsoft.sunseterp.framework.base.container.ContainerLoader.loadContainer(ContainerLoader.java:160) [main/:?]
	at org.sitenetsoft.sunseterp.framework.base.container.ContainerLoader.loadContainersFromConfigurations(ContainerLoader.java:115) [main/:?]
	at org.sitenetsoft.sunseterp.framework.base.container.ContainerLoader.load(ContainerLoader.java:78) [main/:?]
	at org.sitenetsoft.sunseterp.framework.start.StartupControlPanel.loadContainers(StartupControlPanel.java:154) [main/:?]
	at org.sitenetsoft.sunseterp.framework.start.StartupControlPanel.start(StartupControlPanel.java:75) [main/:?]
	at org.sitenetsoft.sunseterp.framework.start.Start.main(Start.java:93) [main/:?]
	at org.sitenetsoft.sunseterp.cli.EntityCommand.loadAll(EntityCommand.java:37) [main/:?]
	at java.base/jdk.internal.reflect.NativeMethodAccessorImpl.invoke0(Native Method) ~[?:?]
	at java.base/jdk.internal.reflect.NativeMethodAccessorImpl.invoke(NativeMethodAccessorImpl.java:77) ~[?:?]
	at java.base/jdk.internal.reflect.DelegatingMethodAccessorImpl.invoke(DelegatingMethodAccessorImpl.java:43) ~[?:?]
	at java.base/java.lang.reflect.Method.invoke(Method.java:568) ~[?:?]
	at picocli.CommandLine.executeUserObject(CommandLine.java:2066) [picocli-4.7.5.jar:4.7.5]
	at picocli.CommandLine.access$1500(CommandLine.java:148) [picocli-4.7.5.jar:4.7.5]
	at picocli.CommandLine$RunLast.executeUserObjectOfLastSubcommandWithSameParent(CommandLine.java:2461) [picocli-4.7.5.jar:4.7.5]
	at picocli.CommandLine$RunLast.handle(CommandLine.java:2453) [picocli-4.7.5.jar:4.7.5]
	at picocli.CommandLine$RunLast.handle(CommandLine.java:2415) [picocli-4.7.5.jar:4.7.5]
	at picocli.CommandLine$AbstractParseResultHandler.execute(CommandLine.java:2273) [picocli-4.7.5.jar:4.7.5]
	at picocli.CommandLine$RunLast.execute(CommandLine.java:2417) [picocli-4.7.5.jar:4.7.5]
	at picocli.CommandLine.execute(CommandLine.java:2170) [picocli-4.7.5.jar:4.7.5]
	at org.sitenetsoft.sunseterp.cli.CliRunner.main(CliRunner.java:36) [main/:?]
Caused by: java.sql.SQLException: Connection can not be used while enlisted in another transaction
	at org.apache.commons.dbcp2.managed.ManagedConnection.updateTransactionStatus(ManagedConnection.java:243) ~[commons-dbcp2-2.12.0.jar:2.12.0]
	at org.apache.commons.dbcp2.managed.ManagedConnection.checkOpen(ManagedConnection.java:94) ~[commons-dbcp2-2.12.0.jar:2.12.0]
	at org.apache.commons.dbcp2.DelegatingConnection.getAutoCommit(DelegatingConnection.java:306) ~[commons-dbcp2-2.12.0.jar:2.12.0]
	at org.sitenetsoft.sunseterp.framework.entity.jdbc.SQLProcessor.getConnection(SQLProcessor.java:292) ~[main/:?]
	... 31 more
09:39:18.270 [main] ERROR org.sitenetsoft.sunseterp.framework.entityext.data.EntityDataLoadContainer - org.sitenetsoft.sunseterp.framework.entity.GenericDataSourceException: Cannot get autoCommit status from connection (Connection can not be used while enlisted in another transaction) (Cannot get autoCommit status from connection (Connection can not be used while enlisted in another transaction))
---====---====---getEntityHelperInfo---====---====---
entityName: Component
entityName: Component
this.delegatorBaseName: default
this.getEntityGroupName(entityName): org.sitenetsoft.sunseterp.framework.tenant
entityName: Component
this.delegatorBaseName: default
XXXXXXX-------XXXXXXXX-----getGroupHelperInfo-----XXXXXXX-------XXXXXXXX
XXXX - entityGroupName: org.sitenetsoft.sunseterp.framework.tenant
XXXX - helperBaseName: localderbytenant
XXXX - this.delegatorTenantId: null
XXXX - helperInfo: org.sitenetsoft.sunseterp.framework.entity.datasource.GenericHelperInfo@58860997
XXXX - helperInfo: org.sitenetsoft.sunseterp.framework.entity.datasource.GenericHelperInfo@58860997
XXXXXXXXXXXXXXXXXXXXXXXXXXXXXXXXXXXXXXXXXXXXXXXXXXXXXXXXXXXXXXXXXXXXXXXXXXXXX
this.getGroupHelperInfo(this.getEntityGroupName(entityName)): org.sitenetsoft.sunseterp.framework.entity.datasource.GenericHelperInfo@58860997
---====---====---====---====---====---====---====---
entityName: Component
this.delegatorBaseName: default
XXXXXXX-------XXXXXXXX-----getGroupHelperInfo-----XXXXXXX-------XXXXXXXX
XXXX - entityGroupName: org.sitenetsoft.sunseterp.framework.tenant
XXXX - helperBaseName: localderbytenant
XXXX - this.delegatorTenantId: null
XXXX - helperInfo: org.sitenetsoft.sunseterp.framework.entity.datasource.GenericHelperInfo@81b5db0
XXXX - helperInfo: org.sitenetsoft.sunseterp.framework.entity.datasource.GenericHelperInfo@81b5db0
XXXXXXXXXXXXXXXXXXXXXXXXXXXXXXXXXXXXXXXXXXXXXXXXXXXXXXXXXXXXXXXXXXXXXXXXXXXXX
========getEntityHelper=======
entityName: Component
helperInfo: org.sitenetsoft.sunseterp.framework.entity.datasource.GenericHelperInfo@81b5db0
future = java.util.concurrent.FutureTask@2650f79[Completed normally]
09:39:18.273 [main] ERROR org.sitenetsoft.sunseterp.framework.entity.GenericDelegator - Failure in findByCondition operation for entity [Component]: org.sitenetsoft.sunseterp.framework.entity.GenericDataSourceException: Cannot get autoCommit status from connection (Connection can not be used while enlisted in another transaction). Rolling back transaction.
org.sitenetsoft.sunseterp.framework.entity.GenericDataSourceException: Cannot get autoCommit status from connection (Connection can not be used while enlisted in another transaction)
	at org.sitenetsoft.sunseterp.framework.entity.jdbc.SQLProcessor.getConnection(SQLProcessor.java:303) ~[main/:?]
	at org.sitenetsoft.sunseterp.framework.entity.jdbc.SQLProcessor.prepareStatement(SQLProcessor.java:366) ~[main/:?]
	at org.sitenetsoft.sunseterp.framework.entity.datasource.GenericDAO.selectListIteratorByCondition(GenericDAO.java:784) ~[main/:?]
	at org.sitenetsoft.sunseterp.framework.entity.datasource.GenericHelperDAO.findListIteratorByCondition(GenericHelperDAO.java:153) ~[main/:?]
	at org.sitenetsoft.sunseterp.framework.entity.GenericDelegator.find(GenericDelegator.java:1612) ~[main/:?]
	at org.sitenetsoft.sunseterp.framework.entity.GenericDelegator.findList(GenericDelegator.java:1660) [main/:?]
	at org.sitenetsoft.sunseterp.framework.entity.util.EntityQuery.query(EntityQuery.java:461) [main/:?]
	at org.sitenetsoft.sunseterp.framework.entity.util.EntityQuery.queryList(EntityQuery.java:390) [main/:?]
	at org.sitenetsoft.sunseterp.framework.entity.util.EntityQuery.queryOne(EntityQuery.java:434) [main/:?]
	at org.sitenetsoft.sunseterp.framework.entityext.data.EntityDataLoadContainer.createOrUpdateComponentEntities(EntityDataLoadContainer.java:301) [main/:?]
	at org.sitenetsoft.sunseterp.framework.entityext.data.EntityDataLoadContainer.loadDataForDelegator(EntityDataLoadContainer.java:171) [main/:?]
	at org.sitenetsoft.sunseterp.framework.entityext.data.EntityDataLoadContainer.init(EntityDataLoadContainer.java:105) [main/:?]
	at org.sitenetsoft.sunseterp.framework.base.container.ContainerLoader.loadContainer(ContainerLoader.java:160) [main/:?]
	at org.sitenetsoft.sunseterp.framework.base.container.ContainerLoader.loadContainersFromConfigurations(ContainerLoader.java:115) [main/:?]
	at org.sitenetsoft.sunseterp.framework.base.container.ContainerLoader.load(ContainerLoader.java:78) [main/:?]
	at org.sitenetsoft.sunseterp.framework.start.StartupControlPanel.loadContainers(StartupControlPanel.java:154) [main/:?]
	at org.sitenetsoft.sunseterp.framework.start.StartupControlPanel.start(StartupControlPanel.java:75) [main/:?]
	at org.sitenetsoft.sunseterp.framework.start.Start.main(Start.java:93) [main/:?]
	at org.sitenetsoft.sunseterp.cli.EntityCommand.loadAll(EntityCommand.java:37) [main/:?]
	at java.base/jdk.internal.reflect.NativeMethodAccessorImpl.invoke0(Native Method) ~[?:?]
	at java.base/jdk.internal.reflect.NativeMethodAccessorImpl.invoke(NativeMethodAccessorImpl.java:77) ~[?:?]
	at java.base/jdk.internal.reflect.DelegatingMethodAccessorImpl.invoke(DelegatingMethodAccessorImpl.java:43) ~[?:?]
	at java.base/java.lang.reflect.Method.invoke(Method.java:568) ~[?:?]
	at picocli.CommandLine.executeUserObject(CommandLine.java:2066) [picocli-4.7.5.jar:4.7.5]
	at picocli.CommandLine.access$1500(CommandLine.java:148) [picocli-4.7.5.jar:4.7.5]
	at picocli.CommandLine$RunLast.executeUserObjectOfLastSubcommandWithSameParent(CommandLine.java:2461) [picocli-4.7.5.jar:4.7.5]
	at picocli.CommandLine$RunLast.handle(CommandLine.java:2453) [picocli-4.7.5.jar:4.7.5]
	at picocli.CommandLine$RunLast.handle(CommandLine.java:2415) [picocli-4.7.5.jar:4.7.5]
	at picocli.CommandLine$AbstractParseResultHandler.execute(CommandLine.java:2273) [picocli-4.7.5.jar:4.7.5]
	at picocli.CommandLine$RunLast.execute(CommandLine.java:2417) [picocli-4.7.5.jar:4.7.5]
	at picocli.CommandLine.execute(CommandLine.java:2170) [picocli-4.7.5.jar:4.7.5]
	at org.sitenetsoft.sunseterp.cli.CliRunner.main(CliRunner.java:36) [main/:?]
Caused by: java.sql.SQLException: Connection can not be used while enlisted in another transaction
	at org.apache.commons.dbcp2.managed.ManagedConnection.updateTransactionStatus(ManagedConnection.java:243) ~[commons-dbcp2-2.12.0.jar:2.12.0]
	at org.apache.commons.dbcp2.managed.ManagedConnection.checkOpen(ManagedConnection.java:94) ~[commons-dbcp2-2.12.0.jar:2.12.0]
	at org.apache.commons.dbcp2.DelegatingConnection.getAutoCommit(DelegatingConnection.java:306) ~[commons-dbcp2-2.12.0.jar:2.12.0]
	at org.sitenetsoft.sunseterp.framework.entity.jdbc.SQLProcessor.getConnection(SQLProcessor.java:292) ~[main/:?]
	... 31 more
09:39:18.274 [main] ERROR org.sitenetsoft.sunseterp.framework.entityext.data.EntityDataLoadContainer - org.sitenetsoft.sunseterp.framework.entity.GenericDataSourceException: Cannot get autoCommit status from connection (Connection can not be used while enlisted in another transaction) (Cannot get autoCommit status from connection (Connection can not be used while enlisted in another transaction))
---====---====---getEntityHelperInfo---====---====---
entityName: Component
entityName: Component
this.delegatorBaseName: default
this.getEntityGroupName(entityName): org.sitenetsoft.sunseterp.framework.tenant
entityName: Component
this.delegatorBaseName: default
XXXXXXX-------XXXXXXXX-----getGroupHelperInfo-----XXXXXXX-------XXXXXXXX
XXXX - entityGroupName: org.sitenetsoft.sunseterp.framework.tenant
XXXX - helperBaseName: localderbytenant
XXXX - this.delegatorTenantId: null
XXXX - helperInfo: org.sitenetsoft.sunseterp.framework.entity.datasource.GenericHelperInfo@3e15bb06
XXXX - helperInfo: org.sitenetsoft.sunseterp.framework.entity.datasource.GenericHelperInfo@3e15bb06
XXXXXXXXXXXXXXXXXXXXXXXXXXXXXXXXXXXXXXXXXXXXXXXXXXXXXXXXXXXXXXXXXXXXXXXXXXXXX
this.getGroupHelperInfo(this.getEntityGroupName(entityName)): org.sitenetsoft.sunseterp.framework.entity.datasource.GenericHelperInfo@3e15bb06
---====---====---====---====---====---====---====---
entityName: Component
this.delegatorBaseName: default
XXXXXXX-------XXXXXXXX-----getGroupHelperInfo-----XXXXXXX-------XXXXXXXX
XXXX - entityGroupName: org.sitenetsoft.sunseterp.framework.tenant
XXXX - helperBaseName: localderbytenant
XXXX - this.delegatorTenantId: null
XXXX - helperInfo: org.sitenetsoft.sunseterp.framework.entity.datasource.GenericHelperInfo@6778aea6
XXXX - helperInfo: org.sitenetsoft.sunseterp.framework.entity.datasource.GenericHelperInfo@6778aea6
XXXXXXXXXXXXXXXXXXXXXXXXXXXXXXXXXXXXXXXXXXXXXXXXXXXXXXXXXXXXXXXXXXXXXXXXXXXXX
========getEntityHelper=======
entityName: Component
helperInfo: org.sitenetsoft.sunseterp.framework.entity.datasource.GenericHelperInfo@6778aea6
future = java.util.concurrent.FutureTask@2650f79[Completed normally]
---====---====---getEntityHelperInfo---====---====---
entityName: ServiceSemaphore
entityName: ServiceSemaphore
this.delegatorBaseName: default
this.getEntityGroupName(entityName): org.sitenetsoft.sunseterp
entityName: ServiceSemaphore
this.delegatorBaseName: default
XXXXXXX-------XXXXXXXX-----getGroupHelperInfo-----XXXXXXX-------XXXXXXXX
XXXX - entityGroupName: org.sitenetsoft.sunseterp
XXXX - helperBaseName: null
this.getGroupHelperInfo(this.getEntityGroupName(entityName)): null
---====---====---====---====---====---====---====---
entityName: ServiceSemaphore
this.delegatorBaseName: default
XXXXXXX-------XXXXXXXX-----getGroupHelperInfo-----XXXXXXX-------XXXXXXXX
XXXX - entityGroupName: org.sitenetsoft.sunseterp
XXXX - helperBaseName: null
========getEntityHelper=======
entityName: ServiceSemaphore
helperInfo: null
entityName: ServiceSemaphore
this.delegatorBaseName: default
09:39:18.275 [OFBiz-batch-2] ERROR org.sitenetsoft.sunseterp.framework.entity.GenericDelegator - Failure in removeByCondition operation for entity [ServiceSemaphore]: org.sitenetsoft.sunseterp.framework.entity.GenericEntityException: There is no datasource (Helper) configured for the entity-group [org.sitenetsoft.sunseterp]; was trying to find datasource (helper) for entity [ServiceSemaphore]. Rolling back transaction.
org.sitenetsoft.sunseterp.framework.entity.GenericEntityException: There is no datasource (Helper) configured for the entity-group [org.sitenetsoft.sunseterp]; was trying to find datasource (helper) for entity [ServiceSemaphore]
	at org.sitenetsoft.sunseterp.framework.entity.GenericDelegator.getEntityHelper(GenericDelegator.java:581) ~[main/:?]
	at org.sitenetsoft.sunseterp.framework.entity.GenericDelegator.removeByCondition(GenericDelegator.java:1142) ~[main/:?]
	at org.sitenetsoft.sunseterp.framework.entity.GenericDelegator.removeByAnd(GenericDelegator.java:1127) ~[main/:?]
	at org.sitenetsoft.sunseterp.framework.entity.GenericDelegator.removeByAnd(GenericDelegator.java:1118) ~[main/:?]
	at org.sitenetsoft.sunseterp.framework.service.ServiceDispatcher.<init>(ServiceDispatcher.java:94) ~[main/:?]
	at org.sitenetsoft.sunseterp.framework.service.ServiceDispatcher.<init>(ServiceDispatcher.java:124) ~[main/:?]
	at org.sitenetsoft.sunseterp.framework.service.ServiceDispatcher.getInstance(ServiceDispatcher.java:157) ~[main/:?]
	at org.sitenetsoft.sunseterp.framework.service.ServiceDispatcher.getLocalDispatcher(ServiceDispatcher.java:135) ~[main/:?]
	at org.sitenetsoft.sunseterp.framework.service.GenericDispatcherFactory.createLocalDispatcher(GenericDispatcherFactory.java:42) ~[main/:?]
	at org.sitenetsoft.sunseterp.framework.service.ServiceContainer.getLocalDispatcher(ServiceContainer.java:93) ~[main/:?]
	at org.sitenetsoft.sunseterp.framework.entityext.EntityServiceFactory.getLocalDispatcher(EntityServiceFactory.java:34) ~[main/:?]
	at org.sitenetsoft.sunseterp.framework.entityext.EntityServiceFactory.getDispatchContext(EntityServiceFactory.java:39) ~[main/:?]
	at org.sitenetsoft.sunseterp.framework.entityext.eca.DelegatorEcaHandler.lambda$setDelegator$0(DelegatorEcaHandler.java:62) ~[main/:?]
	at java.base/java.util.concurrent.FutureTask.run(FutureTask.java:264) [?:?]
	at java.base/java.util.concurrent.Executors$RunnableAdapter.call(Executors.java:539) [?:?]
	at java.base/java.util.concurrent.FutureTask.run(FutureTask.java:264) [?:?]
	at java.base/java.util.concurrent.ThreadPoolExecutor.runWorker(ThreadPoolExecutor.java:1136) [?:?]
	at java.base/java.util.concurrent.ThreadPoolExecutor$Worker.run(ThreadPoolExecutor.java:635) [?:?]
	at java.base/java.lang.Thread.run(Thread.java:840) [?:?]
09:39:18.276 [main] ERROR org.sitenetsoft.sunseterp.framework.entity.GenericDelegator - Failure in findByCondition operation for entity [Component]: org.sitenetsoft.sunseterp.framework.entity.GenericDataSourceException: Cannot get autoCommit status from connection (Connection can not be used while enlisted in another transaction). Rolling back transaction.
org.sitenetsoft.sunseterp.framework.entity.GenericDataSourceException: Cannot get autoCommit status from connection (Connection can not be used while enlisted in another transaction)
	at org.sitenetsoft.sunseterp.framework.entity.jdbc.SQLProcessor.getConnection(SQLProcessor.java:303) ~[main/:?]
	at org.sitenetsoft.sunseterp.framework.entity.jdbc.SQLProcessor.prepareStatement(SQLProcessor.java:366) ~[main/:?]
	at org.sitenetsoft.sunseterp.framework.entity.datasource.GenericDAO.selectListIteratorByCondition(GenericDAO.java:784) ~[main/:?]
	at org.sitenetsoft.sunseterp.framework.entity.datasource.GenericHelperDAO.findListIteratorByCondition(GenericHelperDAO.java:153) ~[main/:?]
	at org.sitenetsoft.sunseterp.framework.entity.GenericDelegator.find(GenericDelegator.java:1612) ~[main/:?]
	at org.sitenetsoft.sunseterp.framework.entity.GenericDelegator.findList(GenericDelegator.java:1660) [main/:?]
	at org.sitenetsoft.sunseterp.framework.entity.util.EntityQuery.query(EntityQuery.java:461) [main/:?]
	at org.sitenetsoft.sunseterp.framework.entity.util.EntityQuery.queryList(EntityQuery.java:390) [main/:?]
	at org.sitenetsoft.sunseterp.framework.entity.util.EntityQuery.queryOne(EntityQuery.java:434) [main/:?]
	at org.sitenetsoft.sunseterp.framework.entityext.data.EntityDataLoadContainer.createOrUpdateComponentEntities(EntityDataLoadContainer.java:301) [main/:?]
	at org.sitenetsoft.sunseterp.framework.entityext.data.EntityDataLoadContainer.loadDataForDelegator(EntityDataLoadContainer.java:171) [main/:?]
	at org.sitenetsoft.sunseterp.framework.entityext.data.EntityDataLoadContainer.init(EntityDataLoadContainer.java:105) [main/:?]
	at org.sitenetsoft.sunseterp.framework.base.container.ContainerLoader.loadContainer(ContainerLoader.java:160) [main/:?]
	at org.sitenetsoft.sunseterp.framework.base.container.ContainerLoader.loadContainersFromConfigurations(ContainerLoader.java:115) [main/:?]
	at org.sitenetsoft.sunseterp.framework.base.container.ContainerLoader.load(ContainerLoader.java:78) [main/:?]
	at org.sitenetsoft.sunseterp.framework.start.StartupControlPanel.loadContainers(StartupControlPanel.java:154) [main/:?]
	at org.sitenetsoft.sunseterp.framework.start.StartupControlPanel.start(StartupControlPanel.java:75) [main/:?]
	at org.sitenetsoft.sunseterp.framework.start.Start.main(Start.java:93) [main/:?]
	at org.sitenetsoft.sunseterp.cli.EntityCommand.loadAll(EntityCommand.java:37) [main/:?]
	at java.base/jdk.internal.reflect.NativeMethodAccessorImpl.invoke0(Native Method) ~[?:?]
	at java.base/jdk.internal.reflect.NativeMethodAccessorImpl.invoke(NativeMethodAccessorImpl.java:77) ~[?:?]
	at java.base/jdk.internal.reflect.DelegatingMethodAccessorImpl.invoke(DelegatingMethodAccessorImpl.java:43) ~[?:?]
	at java.base/java.lang.reflect.Method.invoke(Method.java:568) ~[?:?]
	at picocli.CommandLine.executeUserObject(CommandLine.java:2066) [picocli-4.7.5.jar:4.7.5]
	at picocli.CommandLine.access$1500(CommandLine.java:148) [picocli-4.7.5.jar:4.7.5]
	at picocli.CommandLine$RunLast.executeUserObjectOfLastSubcommandWithSameParent(CommandLine.java:2461) [picocli-4.7.5.jar:4.7.5]
	at picocli.CommandLine$RunLast.handle(CommandLine.java:2453) [picocli-4.7.5.jar:4.7.5]
	at picocli.CommandLine$RunLast.handle(CommandLine.java:2415) [picocli-4.7.5.jar:4.7.5]
	at picocli.CommandLine$AbstractParseResultHandler.execute(CommandLine.java:2273) [picocli-4.7.5.jar:4.7.5]
	at picocli.CommandLine$RunLast.execute(CommandLine.java:2417) [picocli-4.7.5.jar:4.7.5]
	at picocli.CommandLine.execute(CommandLine.java:2170) [picocli-4.7.5.jar:4.7.5]
	at org.sitenetsoft.sunseterp.cli.CliRunner.main(CliRunner.java:36) [main/:?]
Caused by: java.sql.SQLException: Connection can not be used while enlisted in another transaction
	at org.apache.commons.dbcp2.managed.ManagedConnection.updateTransactionStatus(ManagedConnection.java:243) ~[commons-dbcp2-2.12.0.jar:2.12.0]
	at org.apache.commons.dbcp2.managed.ManagedConnection.checkOpen(ManagedConnection.java:94) ~[commons-dbcp2-2.12.0.jar:2.12.0]
	at org.apache.commons.dbcp2.DelegatingConnection.getAutoCommit(DelegatingConnection.java:306) ~[commons-dbcp2-2.12.0.jar:2.12.0]
	at org.sitenetsoft.sunseterp.framework.entity.jdbc.SQLProcessor.getConnection(SQLProcessor.java:292) ~[main/:?]
	... 31 more
09:39:18.277 [main] ERROR org.sitenetsoft.sunseterp.framework.entityext.data.EntityDataLoadContainer - org.sitenetsoft.sunseterp.framework.entity.GenericDataSourceException: Cannot get autoCommit status from connection (Connection can not be used while enlisted in another transaction) (Cannot get autoCommit status from connection (Connection can not be used while enlisted in another transaction))
09:39:18.276 [OFBiz-batch-2] ERROR org.sitenetsoft.sunseterp.framework.service.ServiceDispatcher - null
org.sitenetsoft.sunseterp.framework.entity.GenericEntityException: org.sitenetsoft.sunseterp.framework.entity.GenericEntityException: There is no datasource (Helper) configured for the entity-group [org.sitenetsoft.sunseterp]; was trying to find datasource (helper) for entity [ServiceSemaphore] (There is no datasource (Helper) configured for the entity-group [org.sitenetsoft.sunseterp]; was trying to find datasource (helper) for entity [ServiceSemaphore])
	at org.sitenetsoft.sunseterp.framework.entity.GenericDelegator.removeByCondition(GenericDelegator.java:1179) ~[main/:?]
	at org.sitenetsoft.sunseterp.framework.entity.GenericDelegator.removeByAnd(GenericDelegator.java:1127) ~[main/:?]
	at org.sitenetsoft.sunseterp.framework.entity.GenericDelegator.removeByAnd(GenericDelegator.java:1118) ~[main/:?]
	at org.sitenetsoft.sunseterp.framework.service.ServiceDispatcher.<init>(ServiceDispatcher.java:94) ~[main/:?]
	at org.sitenetsoft.sunseterp.framework.service.ServiceDispatcher.<init>(ServiceDispatcher.java:124) ~[main/:?]
	at org.sitenetsoft.sunseterp.framework.service.ServiceDispatcher.getInstance(ServiceDispatcher.java:157) ~[main/:?]
	at org.sitenetsoft.sunseterp.framework.service.ServiceDispatcher.getLocalDispatcher(ServiceDispatcher.java:135) ~[main/:?]
	at org.sitenetsoft.sunseterp.framework.service.GenericDispatcherFactory.createLocalDispatcher(GenericDispatcherFactory.java:42) ~[main/:?]
	at org.sitenetsoft.sunseterp.framework.service.ServiceContainer.getLocalDispatcher(ServiceContainer.java:93) ~[main/:?]
	at org.sitenetsoft.sunseterp.framework.entityext.EntityServiceFactory.getLocalDispatcher(EntityServiceFactory.java:34) ~[main/:?]
	at org.sitenetsoft.sunseterp.framework.entityext.EntityServiceFactory.getDispatchContext(EntityServiceFactory.java:39) ~[main/:?]
	at org.sitenetsoft.sunseterp.framework.entityext.eca.DelegatorEcaHandler.lambda$setDelegator$0(DelegatorEcaHandler.java:62) ~[main/:?]
	at java.base/java.util.concurrent.FutureTask.run(FutureTask.java:264) [?:?]
	at java.base/java.util.concurrent.Executors$RunnableAdapter.call(Executors.java:539) [?:?]
	at java.base/java.util.concurrent.FutureTask.run(FutureTask.java:264) [?:?]
	at java.base/java.util.concurrent.ThreadPoolExecutor.runWorker(ThreadPoolExecutor.java:1136) [?:?]
	at java.base/java.util.concurrent.ThreadPoolExecutor$Worker.run(ThreadPoolExecutor.java:635) [?:?]
	at java.base/java.lang.Thread.run(Thread.java:840) [?:?]
Caused by: org.sitenetsoft.sunseterp.framework.entity.GenericEntityException: There is no datasource (Helper) configured for the entity-group [org.sitenetsoft.sunseterp]; was trying to find datasource (helper) for entity [ServiceSemaphore]
	at org.sitenetsoft.sunseterp.framework.entity.GenericDelegator.getEntityHelper(GenericDelegator.java:581) ~[main/:?]
	at org.sitenetsoft.sunseterp.framework.entity.GenericDelegator.removeByCondition(GenericDelegator.java:1142) ~[main/:?]
	... 17 more
---====---====---getEntityHelperInfo---====---====---
entityName: Component
entityName: Component
this.delegatorBaseName: default
this.getEntityGroupName(entityName): org.sitenetsoft.sunseterp.framework.tenant
entityName: Component
this.delegatorBaseName: default
XXXXXXX-------XXXXXXXX-----getGroupHelperInfo-----XXXXXXX-------XXXXXXXX
XXXX - entityGroupName: org.sitenetsoft.sunseterp.framework.tenant
XXXX - helperBaseName: localderbytenant
XXXX - this.delegatorTenantId: null
XXXX - helperInfo: org.sitenetsoft.sunseterp.framework.entity.datasource.GenericHelperInfo@21f459fc
XXXX - helperInfo: org.sitenetsoft.sunseterp.framework.entity.datasource.GenericHelperInfo@21f459fc
XXXXXXXXXXXXXXXXXXXXXXXXXXXXXXXXXXXXXXXXXXXXXXXXXXXXXXXXXXXXXXXXXXXXXXXXXXXXX
this.getGroupHelperInfo(this.getEntityGroupName(entityName)): org.sitenetsoft.sunseterp.framework.entity.datasource.GenericHelperInfo@21f459fc
---====---====---====---====---====---====---====---
entityName: Component
this.delegatorBaseName: default
XXXXXXX-------XXXXXXXX-----getGroupHelperInfo-----XXXXXXX-------XXXXXXXX
XXXX - entityGroupName: org.sitenetsoft.sunseterp.framework.tenant
XXXX - helperBaseName: localderbytenant
XXXX - this.delegatorTenantId: null
XXXX - helperInfo: org.sitenetsoft.sunseterp.framework.entity.datasource.GenericHelperInfo@4d192aef
XXXX - helperInfo: org.sitenetsoft.sunseterp.framework.entity.datasource.GenericHelperInfo@4d192aef
XXXXXXXXXXXXXXXXXXXXXXXXXXXXXXXXXXXXXXXXXXXXXXXXXXXXXXXXXXXXXXXXXXXXXXXXXXXXX
========getEntityHelper=======
entityName: Component
helperInfo: org.sitenetsoft.sunseterp.framework.entity.datasource.GenericHelperInfo@4d192aef
future = java.util.concurrent.FutureTask@2650f79[Completed normally]
09:39:18.281 [main] ERROR org.sitenetsoft.sunseterp.framework.entity.GenericDelegator - Failure in findByCondition operation for entity [Component]: org.sitenetsoft.sunseterp.framework.entity.GenericDataSourceException: Cannot get autoCommit status from connection (Connection can not be used while enlisted in another transaction). Rolling back transaction.
org.sitenetsoft.sunseterp.framework.entity.GenericDataSourceException: Cannot get autoCommit status from connection (Connection can not be used while enlisted in another transaction)
	at org.sitenetsoft.sunseterp.framework.entity.jdbc.SQLProcessor.getConnection(SQLProcessor.java:303) ~[main/:?]
	at org.sitenetsoft.sunseterp.framework.entity.jdbc.SQLProcessor.prepareStatement(SQLProcessor.java:366) ~[main/:?]
	at org.sitenetsoft.sunseterp.framework.entity.datasource.GenericDAO.selectListIteratorByCondition(GenericDAO.java:784) ~[main/:?]
	at org.sitenetsoft.sunseterp.framework.entity.datasource.GenericHelperDAO.findListIteratorByCondition(GenericHelperDAO.java:153) ~[main/:?]
	at org.sitenetsoft.sunseterp.framework.entity.GenericDelegator.find(GenericDelegator.java:1612) ~[main/:?]
	at org.sitenetsoft.sunseterp.framework.entity.GenericDelegator.findList(GenericDelegator.java:1660) [main/:?]
	at org.sitenetsoft.sunseterp.framework.entity.util.EntityQuery.query(EntityQuery.java:461) [main/:?]
	at org.sitenetsoft.sunseterp.framework.entity.util.EntityQuery.queryList(EntityQuery.java:390) [main/:?]
	at org.sitenetsoft.sunseterp.framework.entity.util.EntityQuery.queryOne(EntityQuery.java:434) [main/:?]
	at org.sitenetsoft.sunseterp.framework.entityext.data.EntityDataLoadContainer.createOrUpdateComponentEntities(EntityDataLoadContainer.java:301) [main/:?]
	at org.sitenetsoft.sunseterp.framework.entityext.data.EntityDataLoadContainer.loadDataForDelegator(EntityDataLoadContainer.java:171) [main/:?]
	at org.sitenetsoft.sunseterp.framework.entityext.data.EntityDataLoadContainer.init(EntityDataLoadContainer.java:105) [main/:?]
	at org.sitenetsoft.sunseterp.framework.base.container.ContainerLoader.loadContainer(ContainerLoader.java:160) [main/:?]
	at org.sitenetsoft.sunseterp.framework.base.container.ContainerLoader.loadContainersFromConfigurations(ContainerLoader.java:115) [main/:?]
	at org.sitenetsoft.sunseterp.framework.base.container.ContainerLoader.load(ContainerLoader.java:78) [main/:?]
	at org.sitenetsoft.sunseterp.framework.start.StartupControlPanel.loadContainers(StartupControlPanel.java:154) [main/:?]
	at org.sitenetsoft.sunseterp.framework.start.StartupControlPanel.start(StartupControlPanel.java:75) [main/:?]
	at org.sitenetsoft.sunseterp.framework.start.Start.main(Start.java:93) [main/:?]
	at org.sitenetsoft.sunseterp.cli.EntityCommand.loadAll(EntityCommand.java:37) [main/:?]
	at java.base/jdk.internal.reflect.NativeMethodAccessorImpl.invoke0(Native Method) ~[?:?]
	at java.base/jdk.internal.reflect.NativeMethodAccessorImpl.invoke(NativeMethodAccessorImpl.java:77) ~[?:?]
	at java.base/jdk.internal.reflect.DelegatingMethodAccessorImpl.invoke(DelegatingMethodAccessorImpl.java:43) ~[?:?]
	at java.base/java.lang.reflect.Method.invoke(Method.java:568) ~[?:?]
	at picocli.CommandLine.executeUserObject(CommandLine.java:2066) [picocli-4.7.5.jar:4.7.5]
	at picocli.CommandLine.access$1500(CommandLine.java:148) [picocli-4.7.5.jar:4.7.5]
	at picocli.CommandLine$RunLast.executeUserObjectOfLastSubcommandWithSameParent(CommandLine.java:2461) [picocli-4.7.5.jar:4.7.5]
	at picocli.CommandLine$RunLast.handle(CommandLine.java:2453) [picocli-4.7.5.jar:4.7.5]
	at picocli.CommandLine$RunLast.handle(CommandLine.java:2415) [picocli-4.7.5.jar:4.7.5]
	at picocli.CommandLine$AbstractParseResultHandler.execute(CommandLine.java:2273) [picocli-4.7.5.jar:4.7.5]
	at picocli.CommandLine$RunLast.execute(CommandLine.java:2417) [picocli-4.7.5.jar:4.7.5]
	at picocli.CommandLine.execute(CommandLine.java:2170) [picocli-4.7.5.jar:4.7.5]
	at org.sitenetsoft.sunseterp.cli.CliRunner.main(CliRunner.java:36) [main/:?]
Caused by: java.sql.SQLException: Connection can not be used while enlisted in another transaction
	at org.apache.commons.dbcp2.managed.ManagedConnection.updateTransactionStatus(ManagedConnection.java:243) ~[commons-dbcp2-2.12.0.jar:2.12.0]
	at org.apache.commons.dbcp2.managed.ManagedConnection.checkOpen(ManagedConnection.java:94) ~[commons-dbcp2-2.12.0.jar:2.12.0]
	at org.apache.commons.dbcp2.DelegatingConnection.getAutoCommit(DelegatingConnection.java:306) ~[commons-dbcp2-2.12.0.jar:2.12.0]
	at org.sitenetsoft.sunseterp.framework.entity.jdbc.SQLProcessor.getConnection(SQLProcessor.java:292) ~[main/:?]
	... 31 more
09:39:18.282 [main] ERROR org.sitenetsoft.sunseterp.framework.entityext.data.EntityDataLoadContainer - org.sitenetsoft.sunseterp.framework.entity.GenericDataSourceException: Cannot get autoCommit status from connection (Connection can not be used while enlisted in another transaction) (Cannot get autoCommit status from connection (Connection can not be used while enlisted in another transaction))
---====---====---getEntityHelperInfo---====---====---
entityName: Component
entityName: Component
this.delegatorBaseName: default
this.getEntityGroupName(entityName): org.sitenetsoft.sunseterp.framework.tenant
entityName: Component
this.delegatorBaseName: default
XXXXXXX-------XXXXXXXX-----getGroupHelperInfo-----XXXXXXX-------XXXXXXXX
XXXX - entityGroupName: org.sitenetsoft.sunseterp.framework.tenant
XXXX - helperBaseName: localderbytenant
XXXX - this.delegatorTenantId: null
XXXX - helperInfo: org.sitenetsoft.sunseterp.framework.entity.datasource.GenericHelperInfo@75361cf6
XXXX - helperInfo: org.sitenetsoft.sunseterp.framework.entity.datasource.GenericHelperInfo@75361cf6
XXXXXXXXXXXXXXXXXXXXXXXXXXXXXXXXXXXXXXXXXXXXXXXXXXXXXXXXXXXXXXXXXXXXXXXXXXXXX
this.getGroupHelperInfo(this.getEntityGroupName(entityName)): org.sitenetsoft.sunseterp.framework.entity.datasource.GenericHelperInfo@75361cf6
---====---====---====---====---====---====---====---
entityName: Component
this.delegatorBaseName: default
XXXXXXX-------XXXXXXXX-----getGroupHelperInfo-----XXXXXXX-------XXXXXXXX
XXXX - entityGroupName: org.sitenetsoft.sunseterp.framework.tenant
XXXX - helperBaseName: localderbytenant
XXXX - this.delegatorTenantId: null
XXXX - helperInfo: org.sitenetsoft.sunseterp.framework.entity.datasource.GenericHelperInfo@6d303498
XXXX - helperInfo: org.sitenetsoft.sunseterp.framework.entity.datasource.GenericHelperInfo@6d303498
XXXXXXXXXXXXXXXXXXXXXXXXXXXXXXXXXXXXXXXXXXXXXXXXXXXXXXXXXXXXXXXXXXXXXXXXXXXXX
========getEntityHelper=======
entityName: Component
helperInfo: org.sitenetsoft.sunseterp.framework.entity.datasource.GenericHelperInfo@6d303498
future = java.util.concurrent.FutureTask@2650f79[Completed normally]
09:39:18.286 [main] ERROR org.sitenetsoft.sunseterp.framework.entity.GenericDelegator - Failure in findByCondition operation for entity [Component]: org.sitenetsoft.sunseterp.framework.entity.GenericDataSourceException: Cannot get autoCommit status from connection (Connection can not be used while enlisted in another transaction). Rolling back transaction.
org.sitenetsoft.sunseterp.framework.entity.GenericDataSourceException: Cannot get autoCommit status from connection (Connection can not be used while enlisted in another transaction)
	at org.sitenetsoft.sunseterp.framework.entity.jdbc.SQLProcessor.getConnection(SQLProcessor.java:303) ~[main/:?]
	at org.sitenetsoft.sunseterp.framework.entity.jdbc.SQLProcessor.prepareStatement(SQLProcessor.java:366) ~[main/:?]
	at org.sitenetsoft.sunseterp.framework.entity.datasource.GenericDAO.selectListIteratorByCondition(GenericDAO.java:784) ~[main/:?]
	at org.sitenetsoft.sunseterp.framework.entity.datasource.GenericHelperDAO.findListIteratorByCondition(GenericHelperDAO.java:153) ~[main/:?]
	at org.sitenetsoft.sunseterp.framework.entity.GenericDelegator.find(GenericDelegator.java:1612) ~[main/:?]
	at org.sitenetsoft.sunseterp.framework.entity.GenericDelegator.findList(GenericDelegator.java:1660) [main/:?]
	at org.sitenetsoft.sunseterp.framework.entity.util.EntityQuery.query(EntityQuery.java:461) [main/:?]
	at org.sitenetsoft.sunseterp.framework.entity.util.EntityQuery.queryList(EntityQuery.java:390) [main/:?]
	at org.sitenetsoft.sunseterp.framework.entity.util.EntityQuery.queryOne(EntityQuery.java:434) [main/:?]
	at org.sitenetsoft.sunseterp.framework.entityext.data.EntityDataLoadContainer.createOrUpdateComponentEntities(EntityDataLoadContainer.java:301) [main/:?]
	at org.sitenetsoft.sunseterp.framework.entityext.data.EntityDataLoadContainer.loadDataForDelegator(EntityDataLoadContainer.java:171) [main/:?]
	at org.sitenetsoft.sunseterp.framework.entityext.data.EntityDataLoadContainer.init(EntityDataLoadContainer.java:105) [main/:?]
	at org.sitenetsoft.sunseterp.framework.base.container.ContainerLoader.loadContainer(ContainerLoader.java:160) [main/:?]
	at org.sitenetsoft.sunseterp.framework.base.container.ContainerLoader.loadContainersFromConfigurations(ContainerLoader.java:115) [main/:?]
	at org.sitenetsoft.sunseterp.framework.base.container.ContainerLoader.load(ContainerLoader.java:78) [main/:?]
	at org.sitenetsoft.sunseterp.framework.start.StartupControlPanel.loadContainers(StartupControlPanel.java:154) [main/:?]
	at org.sitenetsoft.sunseterp.framework.start.StartupControlPanel.start(StartupControlPanel.java:75) [main/:?]
	at org.sitenetsoft.sunseterp.framework.start.Start.main(Start.java:93) [main/:?]
	at org.sitenetsoft.sunseterp.cli.EntityCommand.loadAll(EntityCommand.java:37) [main/:?]
	at java.base/jdk.internal.reflect.NativeMethodAccessorImpl.invoke0(Native Method) ~[?:?]
	at java.base/jdk.internal.reflect.NativeMethodAccessorImpl.invoke(NativeMethodAccessorImpl.java:77) ~[?:?]
	at java.base/jdk.internal.reflect.DelegatingMethodAccessorImpl.invoke(DelegatingMethodAccessorImpl.java:43) ~[?:?]
	at java.base/java.lang.reflect.Method.invoke(Method.java:568) ~[?:?]
	at picocli.CommandLine.executeUserObject(CommandLine.java:2066) [picocli-4.7.5.jar:4.7.5]
	at picocli.CommandLine.access$1500(CommandLine.java:148) [picocli-4.7.5.jar:4.7.5]
	at picocli.CommandLine$RunLast.executeUserObjectOfLastSubcommandWithSameParent(CommandLine.java:2461) [picocli-4.7.5.jar:4.7.5]
	at picocli.CommandLine$RunLast.handle(CommandLine.java:2453) [picocli-4.7.5.jar:4.7.5]
	at picocli.CommandLine$RunLast.handle(CommandLine.java:2415) [picocli-4.7.5.jar:4.7.5]
	at picocli.CommandLine$AbstractParseResultHandler.execute(CommandLine.java:2273) [picocli-4.7.5.jar:4.7.5]
	at picocli.CommandLine$RunLast.execute(CommandLine.java:2417) [picocli-4.7.5.jar:4.7.5]
	at picocli.CommandLine.execute(CommandLine.java:2170) [picocli-4.7.5.jar:4.7.5]
	at org.sitenetsoft.sunseterp.cli.CliRunner.main(CliRunner.java:36) [main/:?]
Caused by: java.sql.SQLException: Connection can not be used while enlisted in another transaction
	at org.apache.commons.dbcp2.managed.ManagedConnection.updateTransactionStatus(ManagedConnection.java:243) ~[commons-dbcp2-2.12.0.jar:2.12.0]
	at org.apache.commons.dbcp2.managed.ManagedConnection.checkOpen(ManagedConnection.java:94) ~[commons-dbcp2-2.12.0.jar:2.12.0]
	at org.apache.commons.dbcp2.DelegatingConnection.getAutoCommit(DelegatingConnection.java:306) ~[commons-dbcp2-2.12.0.jar:2.12.0]
	at org.sitenetsoft.sunseterp.framework.entity.jdbc.SQLProcessor.getConnection(SQLProcessor.java:292) ~[main/:?]
	... 31 more
09:39:18.287 [main] ERROR org.sitenetsoft.sunseterp.framework.entityext.data.EntityDataLoadContainer - org.sitenetsoft.sunseterp.framework.entity.GenericDataSourceException: Cannot get autoCommit status from connection (Connection can not be used while enlisted in another transaction) (Cannot get autoCommit status from connection (Connection can not be used while enlisted in another transaction))
---====---====---getEntityHelperInfo---====---====---
entityName: Component
entityName: Component
this.delegatorBaseName: default
this.getEntityGroupName(entityName): org.sitenetsoft.sunseterp.framework.tenant
entityName: Component
this.delegatorBaseName: default
XXXXXXX-------XXXXXXXX-----getGroupHelperInfo-----XXXXXXX-------XXXXXXXX
XXXX - entityGroupName: org.sitenetsoft.sunseterp.framework.tenant
XXXX - helperBaseName: localderbytenant
XXXX - this.delegatorTenantId: null
XXXX - helperInfo: org.sitenetsoft.sunseterp.framework.entity.datasource.GenericHelperInfo@3d5790ea
XXXX - helperInfo: org.sitenetsoft.sunseterp.framework.entity.datasource.GenericHelperInfo@3d5790ea
XXXXXXXXXXXXXXXXXXXXXXXXXXXXXXXXXXXXXXXXXXXXXXXXXXXXXXXXXXXXXXXXXXXXXXXXXXXXX
this.getGroupHelperInfo(this.getEntityGroupName(entityName)): org.sitenetsoft.sunseterp.framework.entity.datasource.GenericHelperInfo@3d5790ea
---====---====---====---====---====---====---====---
entityName: Component
this.delegatorBaseName: default
XXXXXXX-------XXXXXXXX-----getGroupHelperInfo-----XXXXXXX-------XXXXXXXX
XXXX - entityGroupName: org.sitenetsoft.sunseterp.framework.tenant
XXXX - helperBaseName: localderbytenant
XXXX - this.delegatorTenantId: null
XXXX - helperInfo: org.sitenetsoft.sunseterp.framework.entity.datasource.GenericHelperInfo@1dd7796b
XXXX - helperInfo: org.sitenetsoft.sunseterp.framework.entity.datasource.GenericHelperInfo@1dd7796b
XXXXXXXXXXXXXXXXXXXXXXXXXXXXXXXXXXXXXXXXXXXXXXXXXXXXXXXXXXXXXXXXXXXXXXXXXXXXX
========getEntityHelper=======
entityName: Component
helperInfo: org.sitenetsoft.sunseterp.framework.entity.datasource.GenericHelperInfo@1dd7796b
future = java.util.concurrent.FutureTask@2650f79[Completed normally]
09:39:18.297 [main] ERROR org.sitenetsoft.sunseterp.framework.entity.GenericDelegator - Failure in findByCondition operation for entity [Component]: org.sitenetsoft.sunseterp.framework.entity.GenericDataSourceException: Cannot get autoCommit status from connection (Connection can not be used while enlisted in another transaction). Rolling back transaction.
org.sitenetsoft.sunseterp.framework.entity.GenericDataSourceException: Cannot get autoCommit status from connection (Connection can not be used while enlisted in another transaction)
	at org.sitenetsoft.sunseterp.framework.entity.jdbc.SQLProcessor.getConnection(SQLProcessor.java:303) ~[main/:?]
	at org.sitenetsoft.sunseterp.framework.entity.jdbc.SQLProcessor.prepareStatement(SQLProcessor.java:366) ~[main/:?]
	at org.sitenetsoft.sunseterp.framework.entity.datasource.GenericDAO.selectListIteratorByCondition(GenericDAO.java:784) ~[main/:?]
	at org.sitenetsoft.sunseterp.framework.entity.datasource.GenericHelperDAO.findListIteratorByCondition(GenericHelperDAO.java:153) ~[main/:?]
	at org.sitenetsoft.sunseterp.framework.entity.GenericDelegator.find(GenericDelegator.java:1612) ~[main/:?]
	at org.sitenetsoft.sunseterp.framework.entity.GenericDelegator.findList(GenericDelegator.java:1660) [main/:?]
	at org.sitenetsoft.sunseterp.framework.entity.util.EntityQuery.query(EntityQuery.java:461) [main/:?]
	at org.sitenetsoft.sunseterp.framework.entity.util.EntityQuery.queryList(EntityQuery.java:390) [main/:?]
	at org.sitenetsoft.sunseterp.framework.entity.util.EntityQuery.queryOne(EntityQuery.java:434) [main/:?]
	at org.sitenetsoft.sunseterp.framework.entityext.data.EntityDataLoadContainer.createOrUpdateComponentEntities(EntityDataLoadContainer.java:301) [main/:?]
	at org.sitenetsoft.sunseterp.framework.entityext.data.EntityDataLoadContainer.loadDataForDelegator(EntityDataLoadContainer.java:171) [main/:?]
	at org.sitenetsoft.sunseterp.framework.entityext.data.EntityDataLoadContainer.init(EntityDataLoadContainer.java:105) [main/:?]
	at org.sitenetsoft.sunseterp.framework.base.container.ContainerLoader.loadContainer(ContainerLoader.java:160) [main/:?]
	at org.sitenetsoft.sunseterp.framework.base.container.ContainerLoader.loadContainersFromConfigurations(ContainerLoader.java:115) [main/:?]
	at org.sitenetsoft.sunseterp.framework.base.container.ContainerLoader.load(ContainerLoader.java:78) [main/:?]
	at org.sitenetsoft.sunseterp.framework.start.StartupControlPanel.loadContainers(StartupControlPanel.java:154) [main/:?]
	at org.sitenetsoft.sunseterp.framework.start.StartupControlPanel.start(StartupControlPanel.java:75) [main/:?]
	at org.sitenetsoft.sunseterp.framework.start.Start.main(Start.java:93) [main/:?]
	at org.sitenetsoft.sunseterp.cli.EntityCommand.loadAll(EntityCommand.java:37) [main/:?]
	at java.base/jdk.internal.reflect.NativeMethodAccessorImpl.invoke0(Native Method) ~[?:?]
	at java.base/jdk.internal.reflect.NativeMethodAccessorImpl.invoke(NativeMethodAccessorImpl.java:77) ~[?:?]
	at java.base/jdk.internal.reflect.DelegatingMethodAccessorImpl.invoke(DelegatingMethodAccessorImpl.java:43) ~[?:?]
	at java.base/java.lang.reflect.Method.invoke(Method.java:568) ~[?:?]
	at picocli.CommandLine.executeUserObject(CommandLine.java:2066) [picocli-4.7.5.jar:4.7.5]
	at picocli.CommandLine.access$1500(CommandLine.java:148) [picocli-4.7.5.jar:4.7.5]
	at picocli.CommandLine$RunLast.executeUserObjectOfLastSubcommandWithSameParent(CommandLine.java:2461) [picocli-4.7.5.jar:4.7.5]
	at picocli.CommandLine$RunLast.handle(CommandLine.java:2453) [picocli-4.7.5.jar:4.7.5]
	at picocli.CommandLine$RunLast.handle(CommandLine.java:2415) [picocli-4.7.5.jar:4.7.5]
	at picocli.CommandLine$AbstractParseResultHandler.execute(CommandLine.java:2273) [picocli-4.7.5.jar:4.7.5]
	at picocli.CommandLine$RunLast.execute(CommandLine.java:2417) [picocli-4.7.5.jar:4.7.5]
	at picocli.CommandLine.execute(CommandLine.java:2170) [picocli-4.7.5.jar:4.7.5]
	at org.sitenetsoft.sunseterp.cli.CliRunner.main(CliRunner.java:36) [main/:?]
Caused by: java.sql.SQLException: Connection can not be used while enlisted in another transaction
	at org.apache.commons.dbcp2.managed.ManagedConnection.updateTransactionStatus(ManagedConnection.java:243) ~[commons-dbcp2-2.12.0.jar:2.12.0]
	at org.apache.commons.dbcp2.managed.ManagedConnection.checkOpen(ManagedConnection.java:94) ~[commons-dbcp2-2.12.0.jar:2.12.0]
	at org.apache.commons.dbcp2.DelegatingConnection.getAutoCommit(DelegatingConnection.java:306) ~[commons-dbcp2-2.12.0.jar:2.12.0]
	at org.sitenetsoft.sunseterp.framework.entity.jdbc.SQLProcessor.getConnection(SQLProcessor.java:292) ~[main/:?]
	... 31 more
09:39:18.303 [main] ERROR org.sitenetsoft.sunseterp.framework.entityext.data.EntityDataLoadContainer - org.sitenetsoft.sunseterp.framework.entity.GenericDataSourceException: Cannot get autoCommit status from connection (Connection can not be used while enlisted in another transaction) (Cannot get autoCommit status from connection (Connection can not be used while enlisted in another transaction))
---====---====---getEntityHelperInfo---====---====---
entityName: Component
entityName: Component
this.delegatorBaseName: default
this.getEntityGroupName(entityName): org.sitenetsoft.sunseterp.framework.tenant
entityName: Component
this.delegatorBaseName: default
XXXXXXX-------XXXXXXXX-----getGroupHelperInfo-----XXXXXXX-------XXXXXXXX
XXXX - entityGroupName: org.sitenetsoft.sunseterp.framework.tenant
XXXX - helperBaseName: localderbytenant
XXXX - this.delegatorTenantId: null
XXXX - helperInfo: org.sitenetsoft.sunseterp.framework.entity.datasource.GenericHelperInfo@14229fa7
XXXX - helperInfo: org.sitenetsoft.sunseterp.framework.entity.datasource.GenericHelperInfo@14229fa7
XXXXXXXXXXXXXXXXXXXXXXXXXXXXXXXXXXXXXXXXXXXXXXXXXXXXXXXXXXXXXXXXXXXXXXXXXXXXX
this.getGroupHelperInfo(this.getEntityGroupName(entityName)): org.sitenetsoft.sunseterp.framework.entity.datasource.GenericHelperInfo@14229fa7
---====---====---====---====---====---====---====---
entityName: Component
this.delegatorBaseName: default
XXXXXXX-------XXXXXXXX-----getGroupHelperInfo-----XXXXXXX-------XXXXXXXX
XXXX - entityGroupName: org.sitenetsoft.sunseterp.framework.tenant
XXXX - helperBaseName: localderbytenant
XXXX - this.delegatorTenantId: null
XXXX - helperInfo: org.sitenetsoft.sunseterp.framework.entity.datasource.GenericHelperInfo@2ab0702e
XXXX - helperInfo: org.sitenetsoft.sunseterp.framework.entity.datasource.GenericHelperInfo@2ab0702e
XXXXXXXXXXXXXXXXXXXXXXXXXXXXXXXXXXXXXXXXXXXXXXXXXXXXXXXXXXXXXXXXXXXXXXXXXXXXX
========getEntityHelper=======
entityName: Component
helperInfo: org.sitenetsoft.sunseterp.framework.entity.datasource.GenericHelperInfo@2ab0702e
future = java.util.concurrent.FutureTask@2650f79[Completed normally]
09:39:18.314 [main] ERROR org.sitenetsoft.sunseterp.framework.entity.GenericDelegator - Failure in findByCondition operation for entity [Component]: org.sitenetsoft.sunseterp.framework.entity.GenericDataSourceException: Unable to establish a connection with the database. (Unable to enlist connection because the transaction has been garbage collected). Rolling back transaction.
org.sitenetsoft.sunseterp.framework.entity.GenericDataSourceException: Unable to establish a connection with the database. (Unable to enlist connection because the transaction has been garbage collected)
	at org.sitenetsoft.sunseterp.framework.entity.jdbc.SQLProcessor.getConnection(SQLProcessor.java:279) ~[main/:?]
	at org.sitenetsoft.sunseterp.framework.entity.jdbc.SQLProcessor.prepareStatement(SQLProcessor.java:366) ~[main/:?]
	at org.sitenetsoft.sunseterp.framework.entity.datasource.GenericDAO.selectListIteratorByCondition(GenericDAO.java:784) ~[main/:?]
	at org.sitenetsoft.sunseterp.framework.entity.datasource.GenericHelperDAO.findListIteratorByCondition(GenericHelperDAO.java:153) ~[main/:?]
	at org.sitenetsoft.sunseterp.framework.entity.GenericDelegator.find(GenericDelegator.java:1612) ~[main/:?]
	at org.sitenetsoft.sunseterp.framework.entity.GenericDelegator.findList(GenericDelegator.java:1660) [main/:?]
	at org.sitenetsoft.sunseterp.framework.entity.util.EntityQuery.query(EntityQuery.java:461) [main/:?]
	at org.sitenetsoft.sunseterp.framework.entity.util.EntityQuery.queryList(EntityQuery.java:390) [main/:?]
	at org.sitenetsoft.sunseterp.framework.entity.util.EntityQuery.queryOne(EntityQuery.java:434) [main/:?]
	at org.sitenetsoft.sunseterp.framework.entityext.data.EntityDataLoadContainer.createOrUpdateComponentEntities(EntityDataLoadContainer.java:301) [main/:?]
	at org.sitenetsoft.sunseterp.framework.entityext.data.EntityDataLoadContainer.loadDataForDelegator(EntityDataLoadContainer.java:171) [main/:?]
	at org.sitenetsoft.sunseterp.framework.entityext.data.EntityDataLoadContainer.init(EntityDataLoadContainer.java:105) [main/:?]
	at org.sitenetsoft.sunseterp.framework.base.container.ContainerLoader.loadContainer(ContainerLoader.java:160) [main/:?]
	at org.sitenetsoft.sunseterp.framework.base.container.ContainerLoader.loadContainersFromConfigurations(ContainerLoader.java:115) [main/:?]
	at org.sitenetsoft.sunseterp.framework.base.container.ContainerLoader.load(ContainerLoader.java:78) [main/:?]
	at org.sitenetsoft.sunseterp.framework.start.StartupControlPanel.loadContainers(StartupControlPanel.java:154) [main/:?]
	at org.sitenetsoft.sunseterp.framework.start.StartupControlPanel.start(StartupControlPanel.java:75) [main/:?]
	at org.sitenetsoft.sunseterp.framework.start.Start.main(Start.java:93) [main/:?]
	at org.sitenetsoft.sunseterp.cli.EntityCommand.loadAll(EntityCommand.java:37) [main/:?]
	at java.base/jdk.internal.reflect.NativeMethodAccessorImpl.invoke0(Native Method) ~[?:?]
	at java.base/jdk.internal.reflect.NativeMethodAccessorImpl.invoke(NativeMethodAccessorImpl.java:77) ~[?:?]
	at java.base/jdk.internal.reflect.DelegatingMethodAccessorImpl.invoke(DelegatingMethodAccessorImpl.java:43) ~[?:?]
	at java.base/java.lang.reflect.Method.invoke(Method.java:568) ~[?:?]
	at picocli.CommandLine.executeUserObject(CommandLine.java:2066) [picocli-4.7.5.jar:4.7.5]
	at picocli.CommandLine.access$1500(CommandLine.java:148) [picocli-4.7.5.jar:4.7.5]
	at picocli.CommandLine$RunLast.executeUserObjectOfLastSubcommandWithSameParent(CommandLine.java:2461) [picocli-4.7.5.jar:4.7.5]
	at picocli.CommandLine$RunLast.handle(CommandLine.java:2453) [picocli-4.7.5.jar:4.7.5]
	at picocli.CommandLine$RunLast.handle(CommandLine.java:2415) [picocli-4.7.5.jar:4.7.5]
	at picocli.CommandLine$AbstractParseResultHandler.execute(CommandLine.java:2273) [picocli-4.7.5.jar:4.7.5]
	at picocli.CommandLine$RunLast.execute(CommandLine.java:2417) [picocli-4.7.5.jar:4.7.5]
	at picocli.CommandLine.execute(CommandLine.java:2170) [picocli-4.7.5.jar:4.7.5]
	at org.sitenetsoft.sunseterp.cli.CliRunner.main(CliRunner.java:36) [main/:?]
Caused by: java.sql.SQLException: Unable to enlist connection because the transaction has been garbage collected
	at org.apache.commons.dbcp2.managed.TransactionContext.getTransaction(TransactionContext.java:135) ~[commons-dbcp2-2.12.0.jar:2.12.0]
	at org.apache.commons.dbcp2.managed.TransactionContext.setSharedConnection(TransactionContext.java:187) ~[commons-dbcp2-2.12.0.jar:2.12.0]
	at org.apache.commons.dbcp2.managed.ManagedConnection.updateTransactionStatus(ManagedConnection.java:311) ~[commons-dbcp2-2.12.0.jar:2.12.0]
	at org.apache.commons.dbcp2.managed.ManagedConnection.<init>(ManagedConnection.java:88) ~[commons-dbcp2-2.12.0.jar:2.12.0]
	at org.apache.commons.dbcp2.managed.ManagedDataSource.getConnection(ManagedDataSource.java:63) ~[commons-dbcp2-2.12.0.jar:2.12.0]
	at org.sitenetsoft.sunseterp.framework.entity.connection.DebugManagedDataSource.getConnection(DebugManagedDataSource.java:57) ~[main/:?]
	at org.sitenetsoft.sunseterp.framework.entity.connection.DBCPConnectionFactory.getConnection(DBCPConnectionFactory.java:68) ~[main/:?]
	at org.sitenetsoft.sunseterp.framework.entity.transaction.GeronimoTransactionFactory.getConnection(GeronimoTransactionFactory.java:76) ~[main/:?]
	at org.sitenetsoft.sunseterp.framework.entity.jdbc.SQLProcessor.getConnection(SQLProcessor.java:274) ~[main/:?]
	... 31 more
09:39:18.315 [main] ERROR org.sitenetsoft.sunseterp.framework.entityext.data.EntityDataLoadContainer - org.sitenetsoft.sunseterp.framework.entity.GenericDataSourceException: Unable to establish a connection with the database. (Unable to enlist connection because the transaction has been garbage collected) (Unable to establish a connection with the database. (Unable to enlist connection because the transaction has been garbage collected))
---====---====---getEntityHelperInfo---====---====---
entityName: Component
entityName: Component
this.delegatorBaseName: default
this.getEntityGroupName(entityName): org.sitenetsoft.sunseterp.framework.tenant
entityName: Component
this.delegatorBaseName: default
XXXXXXX-------XXXXXXXX-----getGroupHelperInfo-----XXXXXXX-------XXXXXXXX
XXXX - entityGroupName: org.sitenetsoft.sunseterp.framework.tenant
XXXX - helperBaseName: localderbytenant
XXXX - this.delegatorTenantId: null
XXXX - helperInfo: org.sitenetsoft.sunseterp.framework.entity.datasource.GenericHelperInfo@2d82408
XXXX - helperInfo: org.sitenetsoft.sunseterp.framework.entity.datasource.GenericHelperInfo@2d82408
XXXXXXXXXXXXXXXXXXXXXXXXXXXXXXXXXXXXXXXXXXXXXXXXXXXXXXXXXXXXXXXXXXXXXXXXXXXXX
this.getGroupHelperInfo(this.getEntityGroupName(entityName)): org.sitenetsoft.sunseterp.framework.entity.datasource.GenericHelperInfo@2d82408
---====---====---====---====---====---====---====---
entityName: Component
this.delegatorBaseName: default
XXXXXXX-------XXXXXXXX-----getGroupHelperInfo-----XXXXXXX-------XXXXXXXX
XXXX - entityGroupName: org.sitenetsoft.sunseterp.framework.tenant
XXXX - helperBaseName: localderbytenant
XXXX - this.delegatorTenantId: null
XXXX - helperInfo: org.sitenetsoft.sunseterp.framework.entity.datasource.GenericHelperInfo@3ee69ad8
XXXX - helperInfo: org.sitenetsoft.sunseterp.framework.entity.datasource.GenericHelperInfo@3ee69ad8
XXXXXXXXXXXXXXXXXXXXXXXXXXXXXXXXXXXXXXXXXXXXXXXXXXXXXXXXXXXXXXXXXXXXXXXXXXXXX
========getEntityHelper=======
entityName: Component
helperInfo: org.sitenetsoft.sunseterp.framework.entity.datasource.GenericHelperInfo@3ee69ad8
future = java.util.concurrent.FutureTask@2650f79[Completed normally]
09:39:18.318 [main] ERROR org.sitenetsoft.sunseterp.framework.entity.GenericDelegator - Failure in findByCondition operation for entity [Component]: org.sitenetsoft.sunseterp.framework.entity.GenericDataSourceException: Cannot get autoCommit status from connection (Connection can not be used while enlisted in another transaction). Rolling back transaction.
org.sitenetsoft.sunseterp.framework.entity.GenericDataSourceException: Cannot get autoCommit status from connection (Connection can not be used while enlisted in another transaction)
	at org.sitenetsoft.sunseterp.framework.entity.jdbc.SQLProcessor.getConnection(SQLProcessor.java:303) ~[main/:?]
	at org.sitenetsoft.sunseterp.framework.entity.jdbc.SQLProcessor.prepareStatement(SQLProcessor.java:366) ~[main/:?]
	at org.sitenetsoft.sunseterp.framework.entity.datasource.GenericDAO.selectListIteratorByCondition(GenericDAO.java:784) ~[main/:?]
	at org.sitenetsoft.sunseterp.framework.entity.datasource.GenericHelperDAO.findListIteratorByCondition(GenericHelperDAO.java:153) ~[main/:?]
	at org.sitenetsoft.sunseterp.framework.entity.GenericDelegator.find(GenericDelegator.java:1612) ~[main/:?]
	at org.sitenetsoft.sunseterp.framework.entity.GenericDelegator.findList(GenericDelegator.java:1660) [main/:?]
	at org.sitenetsoft.sunseterp.framework.entity.util.EntityQuery.query(EntityQuery.java:461) [main/:?]
	at org.sitenetsoft.sunseterp.framework.entity.util.EntityQuery.queryList(EntityQuery.java:390) [main/:?]
	at org.sitenetsoft.sunseterp.framework.entity.util.EntityQuery.queryOne(EntityQuery.java:434) [main/:?]
	at org.sitenetsoft.sunseterp.framework.entityext.data.EntityDataLoadContainer.createOrUpdateComponentEntities(EntityDataLoadContainer.java:301) [main/:?]
	at org.sitenetsoft.sunseterp.framework.entityext.data.EntityDataLoadContainer.loadDataForDelegator(EntityDataLoadContainer.java:171) [main/:?]
	at org.sitenetsoft.sunseterp.framework.entityext.data.EntityDataLoadContainer.init(EntityDataLoadContainer.java:105) [main/:?]
	at org.sitenetsoft.sunseterp.framework.base.container.ContainerLoader.loadContainer(ContainerLoader.java:160) [main/:?]
	at org.sitenetsoft.sunseterp.framework.base.container.ContainerLoader.loadContainersFromConfigurations(ContainerLoader.java:115) [main/:?]
	at org.sitenetsoft.sunseterp.framework.base.container.ContainerLoader.load(ContainerLoader.java:78) [main/:?]
	at org.sitenetsoft.sunseterp.framework.start.StartupControlPanel.loadContainers(StartupControlPanel.java:154) [main/:?]
	at org.sitenetsoft.sunseterp.framework.start.StartupControlPanel.start(StartupControlPanel.java:75) [main/:?]
	at org.sitenetsoft.sunseterp.framework.start.Start.main(Start.java:93) [main/:?]
	at org.sitenetsoft.sunseterp.cli.EntityCommand.loadAll(EntityCommand.java:37) [main/:?]
	at java.base/jdk.internal.reflect.NativeMethodAccessorImpl.invoke0(Native Method) ~[?:?]
	at java.base/jdk.internal.reflect.NativeMethodAccessorImpl.invoke(NativeMethodAccessorImpl.java:77) ~[?:?]
	at java.base/jdk.internal.reflect.DelegatingMethodAccessorImpl.invoke(DelegatingMethodAccessorImpl.java:43) ~[?:?]
	at java.base/java.lang.reflect.Method.invoke(Method.java:568) ~[?:?]
	at picocli.CommandLine.executeUserObject(CommandLine.java:2066) [picocli-4.7.5.jar:4.7.5]
	at picocli.CommandLine.access$1500(CommandLine.java:148) [picocli-4.7.5.jar:4.7.5]
	at picocli.CommandLine$RunLast.executeUserObjectOfLastSubcommandWithSameParent(CommandLine.java:2461) [picocli-4.7.5.jar:4.7.5]
	at picocli.CommandLine$RunLast.handle(CommandLine.java:2453) [picocli-4.7.5.jar:4.7.5]
	at picocli.CommandLine$RunLast.handle(CommandLine.java:2415) [picocli-4.7.5.jar:4.7.5]
	at picocli.CommandLine$AbstractParseResultHandler.execute(CommandLine.java:2273) [picocli-4.7.5.jar:4.7.5]
	at picocli.CommandLine$RunLast.execute(CommandLine.java:2417) [picocli-4.7.5.jar:4.7.5]
	at picocli.CommandLine.execute(CommandLine.java:2170) [picocli-4.7.5.jar:4.7.5]
	at org.sitenetsoft.sunseterp.cli.CliRunner.main(CliRunner.java:36) [main/:?]
Caused by: java.sql.SQLException: Connection can not be used while enlisted in another transaction
	at org.apache.commons.dbcp2.managed.ManagedConnection.updateTransactionStatus(ManagedConnection.java:243) ~[commons-dbcp2-2.12.0.jar:2.12.0]
	at org.apache.commons.dbcp2.managed.ManagedConnection.checkOpen(ManagedConnection.java:94) ~[commons-dbcp2-2.12.0.jar:2.12.0]
	at org.apache.commons.dbcp2.DelegatingConnection.getAutoCommit(DelegatingConnection.java:306) ~[commons-dbcp2-2.12.0.jar:2.12.0]
	at org.sitenetsoft.sunseterp.framework.entity.jdbc.SQLProcessor.getConnection(SQLProcessor.java:292) ~[main/:?]
	... 31 more
09:39:18.322 [main] ERROR org.sitenetsoft.sunseterp.framework.entityext.data.EntityDataLoadContainer - org.sitenetsoft.sunseterp.framework.entity.GenericDataSourceException: Cannot get autoCommit status from connection (Connection can not be used while enlisted in another transaction) (Cannot get autoCommit status from connection (Connection can not be used while enlisted in another transaction))
---====---====---getEntityHelperInfo---====---====---
entityName: Component
entityName: Component
this.delegatorBaseName: default
this.getEntityGroupName(entityName): org.sitenetsoft.sunseterp.framework.tenant
entityName: Component
this.delegatorBaseName: default
XXXXXXX-------XXXXXXXX-----getGroupHelperInfo-----XXXXXXX-------XXXXXXXX
XXXX - entityGroupName: org.sitenetsoft.sunseterp.framework.tenant
XXXX - helperBaseName: localderbytenant
XXXX - this.delegatorTenantId: null
XXXX - helperInfo: org.sitenetsoft.sunseterp.framework.entity.datasource.GenericHelperInfo@55a88417
XXXX - helperInfo: org.sitenetsoft.sunseterp.framework.entity.datasource.GenericHelperInfo@55a88417
XXXXXXXXXXXXXXXXXXXXXXXXXXXXXXXXXXXXXXXXXXXXXXXXXXXXXXXXXXXXXXXXXXXXXXXXXXXXX
this.getGroupHelperInfo(this.getEntityGroupName(entityName)): org.sitenetsoft.sunseterp.framework.entity.datasource.GenericHelperInfo@55a88417
---====---====---====---====---====---====---====---
entityName: Component
this.delegatorBaseName: default
XXXXXXX-------XXXXXXXX-----getGroupHelperInfo-----XXXXXXX-------XXXXXXXX
XXXX - entityGroupName: org.sitenetsoft.sunseterp.framework.tenant
XXXX - helperBaseName: localderbytenant
XXXX - this.delegatorTenantId: null
XXXX - helperInfo: org.sitenetsoft.sunseterp.framework.entity.datasource.GenericHelperInfo@18acfe88
XXXX - helperInfo: org.sitenetsoft.sunseterp.framework.entity.datasource.GenericHelperInfo@18acfe88
XXXXXXXXXXXXXXXXXXXXXXXXXXXXXXXXXXXXXXXXXXXXXXXXXXXXXXXXXXXXXXXXXXXXXXXXXXXXX
========getEntityHelper=======
entityName: Component
helperInfo: org.sitenetsoft.sunseterp.framework.entity.datasource.GenericHelperInfo@18acfe88
future = java.util.concurrent.FutureTask@2650f79[Completed normally]
09:39:18.326 [main] ERROR org.sitenetsoft.sunseterp.framework.entity.GenericDelegator - Failure in findByCondition operation for entity [Component]: org.sitenetsoft.sunseterp.framework.entity.GenericDataSourceException: Cannot get autoCommit status from connection (Connection can not be used while enlisted in another transaction). Rolling back transaction.
org.sitenetsoft.sunseterp.framework.entity.GenericDataSourceException: Cannot get autoCommit status from connection (Connection can not be used while enlisted in another transaction)
	at org.sitenetsoft.sunseterp.framework.entity.jdbc.SQLProcessor.getConnection(SQLProcessor.java:303) ~[main/:?]
	at org.sitenetsoft.sunseterp.framework.entity.jdbc.SQLProcessor.prepareStatement(SQLProcessor.java:366) ~[main/:?]
	at org.sitenetsoft.sunseterp.framework.entity.datasource.GenericDAO.selectListIteratorByCondition(GenericDAO.java:784) ~[main/:?]
	at org.sitenetsoft.sunseterp.framework.entity.datasource.GenericHelperDAO.findListIteratorByCondition(GenericHelperDAO.java:153) ~[main/:?]
	at org.sitenetsoft.sunseterp.framework.entity.GenericDelegator.find(GenericDelegator.java:1612) ~[main/:?]
	at org.sitenetsoft.sunseterp.framework.entity.GenericDelegator.findList(GenericDelegator.java:1660) [main/:?]
	at org.sitenetsoft.sunseterp.framework.entity.util.EntityQuery.query(EntityQuery.java:461) [main/:?]
	at org.sitenetsoft.sunseterp.framework.entity.util.EntityQuery.queryList(EntityQuery.java:390) [main/:?]
	at org.sitenetsoft.sunseterp.framework.entity.util.EntityQuery.queryOne(EntityQuery.java:434) [main/:?]
	at org.sitenetsoft.sunseterp.framework.entityext.data.EntityDataLoadContainer.createOrUpdateComponentEntities(EntityDataLoadContainer.java:301) [main/:?]
	at org.sitenetsoft.sunseterp.framework.entityext.data.EntityDataLoadContainer.loadDataForDelegator(EntityDataLoadContainer.java:171) [main/:?]
	at org.sitenetsoft.sunseterp.framework.entityext.data.EntityDataLoadContainer.init(EntityDataLoadContainer.java:105) [main/:?]
	at org.sitenetsoft.sunseterp.framework.base.container.ContainerLoader.loadContainer(ContainerLoader.java:160) [main/:?]
	at org.sitenetsoft.sunseterp.framework.base.container.ContainerLoader.loadContainersFromConfigurations(ContainerLoader.java:115) [main/:?]
	at org.sitenetsoft.sunseterp.framework.base.container.ContainerLoader.load(ContainerLoader.java:78) [main/:?]
	at org.sitenetsoft.sunseterp.framework.start.StartupControlPanel.loadContainers(StartupControlPanel.java:154) [main/:?]
	at org.sitenetsoft.sunseterp.framework.start.StartupControlPanel.start(StartupControlPanel.java:75) [main/:?]
	at org.sitenetsoft.sunseterp.framework.start.Start.main(Start.java:93) [main/:?]
	at org.sitenetsoft.sunseterp.cli.EntityCommand.loadAll(EntityCommand.java:37) [main/:?]
	at java.base/jdk.internal.reflect.NativeMethodAccessorImpl.invoke0(Native Method) ~[?:?]
	at java.base/jdk.internal.reflect.NativeMethodAccessorImpl.invoke(NativeMethodAccessorImpl.java:77) ~[?:?]
	at java.base/jdk.internal.reflect.DelegatingMethodAccessorImpl.invoke(DelegatingMethodAccessorImpl.java:43) ~[?:?]
	at java.base/java.lang.reflect.Method.invoke(Method.java:568) ~[?:?]
	at picocli.CommandLine.executeUserObject(CommandLine.java:2066) [picocli-4.7.5.jar:4.7.5]
	at picocli.CommandLine.access$1500(CommandLine.java:148) [picocli-4.7.5.jar:4.7.5]
	at picocli.CommandLine$RunLast.executeUserObjectOfLastSubcommandWithSameParent(CommandLine.java:2461) [picocli-4.7.5.jar:4.7.5]
	at picocli.CommandLine$RunLast.handle(CommandLine.java:2453) [picocli-4.7.5.jar:4.7.5]
	at picocli.CommandLine$RunLast.handle(CommandLine.java:2415) [picocli-4.7.5.jar:4.7.5]
	at picocli.CommandLine$AbstractParseResultHandler.execute(CommandLine.java:2273) [picocli-4.7.5.jar:4.7.5]
	at picocli.CommandLine$RunLast.execute(CommandLine.java:2417) [picocli-4.7.5.jar:4.7.5]
	at picocli.CommandLine.execute(CommandLine.java:2170) [picocli-4.7.5.jar:4.7.5]
	at org.sitenetsoft.sunseterp.cli.CliRunner.main(CliRunner.java:36) [main/:?]
Caused by: java.sql.SQLException: Connection can not be used while enlisted in another transaction
	at org.apache.commons.dbcp2.managed.ManagedConnection.updateTransactionStatus(ManagedConnection.java:243) ~[commons-dbcp2-2.12.0.jar:2.12.0]
	at org.apache.commons.dbcp2.managed.ManagedConnection.checkOpen(ManagedConnection.java:94) ~[commons-dbcp2-2.12.0.jar:2.12.0]
	at org.apache.commons.dbcp2.DelegatingConnection.getAutoCommit(DelegatingConnection.java:306) ~[commons-dbcp2-2.12.0.jar:2.12.0]
	at org.sitenetsoft.sunseterp.framework.entity.jdbc.SQLProcessor.getConnection(SQLProcessor.java:292) ~[main/:?]
	... 31 more
09:39:18.328 [main] ERROR org.sitenetsoft.sunseterp.framework.entityext.data.EntityDataLoadContainer - org.sitenetsoft.sunseterp.framework.entity.GenericDataSourceException: Cannot get autoCommit status from connection (Connection can not be used while enlisted in another transaction) (Cannot get autoCommit status from connection (Connection can not be used while enlisted in another transaction))
---====---====---getEntityHelperInfo---====---====---
entityName: Component
entityName: Component
this.delegatorBaseName: default
this.getEntityGroupName(entityName): org.sitenetsoft.sunseterp.framework.tenant
entityName: Component
this.delegatorBaseName: default
XXXXXXX-------XXXXXXXX-----getGroupHelperInfo-----XXXXXXX-------XXXXXXXX
XXXX - entityGroupName: org.sitenetsoft.sunseterp.framework.tenant
XXXX - helperBaseName: localderbytenant
XXXX - this.delegatorTenantId: null
XXXX - helperInfo: org.sitenetsoft.sunseterp.framework.entity.datasource.GenericHelperInfo@7c1e32c9
XXXX - helperInfo: org.sitenetsoft.sunseterp.framework.entity.datasource.GenericHelperInfo@7c1e32c9
XXXXXXXXXXXXXXXXXXXXXXXXXXXXXXXXXXXXXXXXXXXXXXXXXXXXXXXXXXXXXXXXXXXXXXXXXXXXX
this.getGroupHelperInfo(this.getEntityGroupName(entityName)): org.sitenetsoft.sunseterp.framework.entity.datasource.GenericHelperInfo@7c1e32c9
---====---====---====---====---====---====---====---
entityName: Component
this.delegatorBaseName: default
XXXXXXX-------XXXXXXXX-----getGroupHelperInfo-----XXXXXXX-------XXXXXXXX
XXXX - entityGroupName: org.sitenetsoft.sunseterp.framework.tenant
XXXX - helperBaseName: localderbytenant
XXXX - this.delegatorTenantId: null
XXXX - helperInfo: org.sitenetsoft.sunseterp.framework.entity.datasource.GenericHelperInfo@383864d5
XXXX - helperInfo: org.sitenetsoft.sunseterp.framework.entity.datasource.GenericHelperInfo@383864d5
XXXXXXXXXXXXXXXXXXXXXXXXXXXXXXXXXXXXXXXXXXXXXXXXXXXXXXXXXXXXXXXXXXXXXXXXXXXXX
========getEntityHelper=======
entityName: Component
helperInfo: org.sitenetsoft.sunseterp.framework.entity.datasource.GenericHelperInfo@383864d5
future = java.util.concurrent.FutureTask@2650f79[Completed normally]
09:39:18.331 [main] ERROR org.sitenetsoft.sunseterp.framework.entity.GenericDelegator - Failure in findByCondition operation for entity [Component]: org.sitenetsoft.sunseterp.framework.entity.GenericDataSourceException: Cannot get autoCommit status from connection (Connection can not be used while enlisted in another transaction). Rolling back transaction.
org.sitenetsoft.sunseterp.framework.entity.GenericDataSourceException: Cannot get autoCommit status from connection (Connection can not be used while enlisted in another transaction)
	at org.sitenetsoft.sunseterp.framework.entity.jdbc.SQLProcessor.getConnection(SQLProcessor.java:303) ~[main/:?]
	at org.sitenetsoft.sunseterp.framework.entity.jdbc.SQLProcessor.prepareStatement(SQLProcessor.java:366) ~[main/:?]
	at org.sitenetsoft.sunseterp.framework.entity.datasource.GenericDAO.selectListIteratorByCondition(GenericDAO.java:784) ~[main/:?]
	at org.sitenetsoft.sunseterp.framework.entity.datasource.GenericHelperDAO.findListIteratorByCondition(GenericHelperDAO.java:153) ~[main/:?]
	at org.sitenetsoft.sunseterp.framework.entity.GenericDelegator.find(GenericDelegator.java:1612) ~[main/:?]
	at org.sitenetsoft.sunseterp.framework.entity.GenericDelegator.findList(GenericDelegator.java:1660) [main/:?]
	at org.sitenetsoft.sunseterp.framework.entity.util.EntityQuery.query(EntityQuery.java:461) [main/:?]
	at org.sitenetsoft.sunseterp.framework.entity.util.EntityQuery.queryList(EntityQuery.java:390) [main/:?]
	at org.sitenetsoft.sunseterp.framework.entity.util.EntityQuery.queryOne(EntityQuery.java:434) [main/:?]
	at org.sitenetsoft.sunseterp.framework.entityext.data.EntityDataLoadContainer.createOrUpdateComponentEntities(EntityDataLoadContainer.java:301) [main/:?]
	at org.sitenetsoft.sunseterp.framework.entityext.data.EntityDataLoadContainer.loadDataForDelegator(EntityDataLoadContainer.java:171) [main/:?]
	at org.sitenetsoft.sunseterp.framework.entityext.data.EntityDataLoadContainer.init(EntityDataLoadContainer.java:105) [main/:?]
	at org.sitenetsoft.sunseterp.framework.base.container.ContainerLoader.loadContainer(ContainerLoader.java:160) [main/:?]
	at org.sitenetsoft.sunseterp.framework.base.container.ContainerLoader.loadContainersFromConfigurations(ContainerLoader.java:115) [main/:?]
	at org.sitenetsoft.sunseterp.framework.base.container.ContainerLoader.load(ContainerLoader.java:78) [main/:?]
	at org.sitenetsoft.sunseterp.framework.start.StartupControlPanel.loadContainers(StartupControlPanel.java:154) [main/:?]
	at org.sitenetsoft.sunseterp.framework.start.StartupControlPanel.start(StartupControlPanel.java:75) [main/:?]
	at org.sitenetsoft.sunseterp.framework.start.Start.main(Start.java:93) [main/:?]
	at org.sitenetsoft.sunseterp.cli.EntityCommand.loadAll(EntityCommand.java:37) [main/:?]
	at java.base/jdk.internal.reflect.NativeMethodAccessorImpl.invoke0(Native Method) ~[?:?]
	at java.base/jdk.internal.reflect.NativeMethodAccessorImpl.invoke(NativeMethodAccessorImpl.java:77) ~[?:?]
	at java.base/jdk.internal.reflect.DelegatingMethodAccessorImpl.invoke(DelegatingMethodAccessorImpl.java:43) ~[?:?]
	at java.base/java.lang.reflect.Method.invoke(Method.java:568) ~[?:?]
	at picocli.CommandLine.executeUserObject(CommandLine.java:2066) [picocli-4.7.5.jar:4.7.5]
	at picocli.CommandLine.access$1500(CommandLine.java:148) [picocli-4.7.5.jar:4.7.5]
	at picocli.CommandLine$RunLast.executeUserObjectOfLastSubcommandWithSameParent(CommandLine.java:2461) [picocli-4.7.5.jar:4.7.5]
	at picocli.CommandLine$RunLast.handle(CommandLine.java:2453) [picocli-4.7.5.jar:4.7.5]
	at picocli.CommandLine$RunLast.handle(CommandLine.java:2415) [picocli-4.7.5.jar:4.7.5]
	at picocli.CommandLine$AbstractParseResultHandler.execute(CommandLine.java:2273) [picocli-4.7.5.jar:4.7.5]
	at picocli.CommandLine$RunLast.execute(CommandLine.java:2417) [picocli-4.7.5.jar:4.7.5]
	at picocli.CommandLine.execute(CommandLine.java:2170) [picocli-4.7.5.jar:4.7.5]
	at org.sitenetsoft.sunseterp.cli.CliRunner.main(CliRunner.java:36) [main/:?]
Caused by: java.sql.SQLException: Connection can not be used while enlisted in another transaction
	at org.apache.commons.dbcp2.managed.ManagedConnection.updateTransactionStatus(ManagedConnection.java:243) ~[commons-dbcp2-2.12.0.jar:2.12.0]
	at org.apache.commons.dbcp2.managed.ManagedConnection.checkOpen(ManagedConnection.java:94) ~[commons-dbcp2-2.12.0.jar:2.12.0]
	at org.apache.commons.dbcp2.DelegatingConnection.getAutoCommit(DelegatingConnection.java:306) ~[commons-dbcp2-2.12.0.jar:2.12.0]
	at org.sitenetsoft.sunseterp.framework.entity.jdbc.SQLProcessor.getConnection(SQLProcessor.java:292) ~[main/:?]
	... 31 more
09:39:18.333 [main] ERROR org.sitenetsoft.sunseterp.framework.entityext.data.EntityDataLoadContainer - org.sitenetsoft.sunseterp.framework.entity.GenericDataSourceException: Cannot get autoCommit status from connection (Connection can not be used while enlisted in another transaction) (Cannot get autoCommit status from connection (Connection can not be used while enlisted in another transaction))
---====---====---getEntityHelperInfo---====---====---
entityName: Component
entityName: Component
this.delegatorBaseName: default
this.getEntityGroupName(entityName): org.sitenetsoft.sunseterp.framework.tenant
entityName: Component
this.delegatorBaseName: default
XXXXXXX-------XXXXXXXX-----getGroupHelperInfo-----XXXXXXX-------XXXXXXXX
XXXX - entityGroupName: org.sitenetsoft.sunseterp.framework.tenant
XXXX - helperBaseName: localderbytenant
XXXX - this.delegatorTenantId: null
XXXX - helperInfo: org.sitenetsoft.sunseterp.framework.entity.datasource.GenericHelperInfo@7ca8d498
XXXX - helperInfo: org.sitenetsoft.sunseterp.framework.entity.datasource.GenericHelperInfo@7ca8d498
XXXXXXXXXXXXXXXXXXXXXXXXXXXXXXXXXXXXXXXXXXXXXXXXXXXXXXXXXXXXXXXXXXXXXXXXXXXXX
this.getGroupHelperInfo(this.getEntityGroupName(entityName)): org.sitenetsoft.sunseterp.framework.entity.datasource.GenericHelperInfo@7ca8d498
---====---====---====---====---====---====---====---
entityName: Component
this.delegatorBaseName: default
XXXXXXX-------XXXXXXXX-----getGroupHelperInfo-----XXXXXXX-------XXXXXXXX
XXXX - entityGroupName: org.sitenetsoft.sunseterp.framework.tenant
XXXX - helperBaseName: localderbytenant
XXXX - this.delegatorTenantId: null
XXXX - helperInfo: org.sitenetsoft.sunseterp.framework.entity.datasource.GenericHelperInfo@7187bac9
XXXX - helperInfo: org.sitenetsoft.sunseterp.framework.entity.datasource.GenericHelperInfo@7187bac9
XXXXXXXXXXXXXXXXXXXXXXXXXXXXXXXXXXXXXXXXXXXXXXXXXXXXXXXXXXXXXXXXXXXXXXXXXXXXX
========getEntityHelper=======
entityName: Component
helperInfo: org.sitenetsoft.sunseterp.framework.entity.datasource.GenericHelperInfo@7187bac9
future = java.util.concurrent.FutureTask@2650f79[Completed normally]
09:39:18.336 [main] ERROR org.sitenetsoft.sunseterp.framework.entity.GenericDelegator - Failure in findByCondition operation for entity [Component]: org.sitenetsoft.sunseterp.framework.entity.GenericDataSourceException: Cannot get autoCommit status from connection (Connection can not be used while enlisted in another transaction). Rolling back transaction.
org.sitenetsoft.sunseterp.framework.entity.GenericDataSourceException: Cannot get autoCommit status from connection (Connection can not be used while enlisted in another transaction)
	at org.sitenetsoft.sunseterp.framework.entity.jdbc.SQLProcessor.getConnection(SQLProcessor.java:303) ~[main/:?]
	at org.sitenetsoft.sunseterp.framework.entity.jdbc.SQLProcessor.prepareStatement(SQLProcessor.java:366) ~[main/:?]
	at org.sitenetsoft.sunseterp.framework.entity.datasource.GenericDAO.selectListIteratorByCondition(GenericDAO.java:784) ~[main/:?]
	at org.sitenetsoft.sunseterp.framework.entity.datasource.GenericHelperDAO.findListIteratorByCondition(GenericHelperDAO.java:153) ~[main/:?]
	at org.sitenetsoft.sunseterp.framework.entity.GenericDelegator.find(GenericDelegator.java:1612) ~[main/:?]
	at org.sitenetsoft.sunseterp.framework.entity.GenericDelegator.findList(GenericDelegator.java:1660) [main/:?]
	at org.sitenetsoft.sunseterp.framework.entity.util.EntityQuery.query(EntityQuery.java:461) [main/:?]
	at org.sitenetsoft.sunseterp.framework.entity.util.EntityQuery.queryList(EntityQuery.java:390) [main/:?]
	at org.sitenetsoft.sunseterp.framework.entity.util.EntityQuery.queryOne(EntityQuery.java:434) [main/:?]
	at org.sitenetsoft.sunseterp.framework.entityext.data.EntityDataLoadContainer.createOrUpdateComponentEntities(EntityDataLoadContainer.java:301) [main/:?]
	at org.sitenetsoft.sunseterp.framework.entityext.data.EntityDataLoadContainer.loadDataForDelegator(EntityDataLoadContainer.java:171) [main/:?]
	at org.sitenetsoft.sunseterp.framework.entityext.data.EntityDataLoadContainer.init(EntityDataLoadContainer.java:105) [main/:?]
	at org.sitenetsoft.sunseterp.framework.base.container.ContainerLoader.loadContainer(ContainerLoader.java:160) [main/:?]
	at org.sitenetsoft.sunseterp.framework.base.container.ContainerLoader.loadContainersFromConfigurations(ContainerLoader.java:115) [main/:?]
	at org.sitenetsoft.sunseterp.framework.base.container.ContainerLoader.load(ContainerLoader.java:78) [main/:?]
	at org.sitenetsoft.sunseterp.framework.start.StartupControlPanel.loadContainers(StartupControlPanel.java:154) [main/:?]
	at org.sitenetsoft.sunseterp.framework.start.StartupControlPanel.start(StartupControlPanel.java:75) [main/:?]
	at org.sitenetsoft.sunseterp.framework.start.Start.main(Start.java:93) [main/:?]
	at org.sitenetsoft.sunseterp.cli.EntityCommand.loadAll(EntityCommand.java:37) [main/:?]
	at java.base/jdk.internal.reflect.NativeMethodAccessorImpl.invoke0(Native Method) ~[?:?]
	at java.base/jdk.internal.reflect.NativeMethodAccessorImpl.invoke(NativeMethodAccessorImpl.java:77) ~[?:?]
	at java.base/jdk.internal.reflect.DelegatingMethodAccessorImpl.invoke(DelegatingMethodAccessorImpl.java:43) ~[?:?]
	at java.base/java.lang.reflect.Method.invoke(Method.java:568) ~[?:?]
	at picocli.CommandLine.executeUserObject(CommandLine.java:2066) [picocli-4.7.5.jar:4.7.5]
	at picocli.CommandLine.access$1500(CommandLine.java:148) [picocli-4.7.5.jar:4.7.5]
	at picocli.CommandLine$RunLast.executeUserObjectOfLastSubcommandWithSameParent(CommandLine.java:2461) [picocli-4.7.5.jar:4.7.5]
	at picocli.CommandLine$RunLast.handle(CommandLine.java:2453) [picocli-4.7.5.jar:4.7.5]
	at picocli.CommandLine$RunLast.handle(CommandLine.java:2415) [picocli-4.7.5.jar:4.7.5]
	at picocli.CommandLine$AbstractParseResultHandler.execute(CommandLine.java:2273) [picocli-4.7.5.jar:4.7.5]
	at picocli.CommandLine$RunLast.execute(CommandLine.java:2417) [picocli-4.7.5.jar:4.7.5]
	at picocli.CommandLine.execute(CommandLine.java:2170) [picocli-4.7.5.jar:4.7.5]
	at org.sitenetsoft.sunseterp.cli.CliRunner.main(CliRunner.java:36) [main/:?]
Caused by: java.sql.SQLException: Connection can not be used while enlisted in another transaction
	at org.apache.commons.dbcp2.managed.ManagedConnection.updateTransactionStatus(ManagedConnection.java:243) ~[commons-dbcp2-2.12.0.jar:2.12.0]
	at org.apache.commons.dbcp2.managed.ManagedConnection.checkOpen(ManagedConnection.java:94) ~[commons-dbcp2-2.12.0.jar:2.12.0]
	at org.apache.commons.dbcp2.DelegatingConnection.getAutoCommit(DelegatingConnection.java:306) ~[commons-dbcp2-2.12.0.jar:2.12.0]
	at org.sitenetsoft.sunseterp.framework.entity.jdbc.SQLProcessor.getConnection(SQLProcessor.java:292) ~[main/:?]
	... 31 more
09:39:18.337 [main] ERROR org.sitenetsoft.sunseterp.framework.entityext.data.EntityDataLoadContainer - org.sitenetsoft.sunseterp.framework.entity.GenericDataSourceException: Cannot get autoCommit status from connection (Connection can not be used while enlisted in another transaction) (Cannot get autoCommit status from connection (Connection can not be used while enlisted in another transaction))
---====---====---getEntityHelperInfo---====---====---
entityName: Component
entityName: Component
this.delegatorBaseName: default
this.getEntityGroupName(entityName): org.sitenetsoft.sunseterp.framework.tenant
entityName: Component
this.delegatorBaseName: default
XXXXXXX-------XXXXXXXX-----getGroupHelperInfo-----XXXXXXX-------XXXXXXXX
XXXX - entityGroupName: org.sitenetsoft.sunseterp.framework.tenant
XXXX - helperBaseName: localderbytenant
XXXX - this.delegatorTenantId: null
XXXX - helperInfo: org.sitenetsoft.sunseterp.framework.entity.datasource.GenericHelperInfo@718dbd79
XXXX - helperInfo: org.sitenetsoft.sunseterp.framework.entity.datasource.GenericHelperInfo@718dbd79
XXXXXXXXXXXXXXXXXXXXXXXXXXXXXXXXXXXXXXXXXXXXXXXXXXXXXXXXXXXXXXXXXXXXXXXXXXXXX
this.getGroupHelperInfo(this.getEntityGroupName(entityName)): org.sitenetsoft.sunseterp.framework.entity.datasource.GenericHelperInfo@718dbd79
---====---====---====---====---====---====---====---
entityName: Component
this.delegatorBaseName: default
XXXXXXX-------XXXXXXXX-----getGroupHelperInfo-----XXXXXXX-------XXXXXXXX
XXXX - entityGroupName: org.sitenetsoft.sunseterp.framework.tenant
XXXX - helperBaseName: localderbytenant
XXXX - this.delegatorTenantId: null
XXXX - helperInfo: org.sitenetsoft.sunseterp.framework.entity.datasource.GenericHelperInfo@20134094
XXXX - helperInfo: org.sitenetsoft.sunseterp.framework.entity.datasource.GenericHelperInfo@20134094
XXXXXXXXXXXXXXXXXXXXXXXXXXXXXXXXXXXXXXXXXXXXXXXXXXXXXXXXXXXXXXXXXXXXXXXXXXXXX
========getEntityHelper=======
entityName: Component
helperInfo: org.sitenetsoft.sunseterp.framework.entity.datasource.GenericHelperInfo@20134094
future = java.util.concurrent.FutureTask@2650f79[Completed normally]
09:39:18.339 [main] ERROR org.sitenetsoft.sunseterp.framework.entity.GenericDelegator - Failure in findByCondition operation for entity [Component]: org.sitenetsoft.sunseterp.framework.entity.GenericDataSourceException: Cannot get autoCommit status from connection (Connection can not be used while enlisted in another transaction). Rolling back transaction.
org.sitenetsoft.sunseterp.framework.entity.GenericDataSourceException: Cannot get autoCommit status from connection (Connection can not be used while enlisted in another transaction)
	at org.sitenetsoft.sunseterp.framework.entity.jdbc.SQLProcessor.getConnection(SQLProcessor.java:303) ~[main/:?]
	at org.sitenetsoft.sunseterp.framework.entity.jdbc.SQLProcessor.prepareStatement(SQLProcessor.java:366) ~[main/:?]
	at org.sitenetsoft.sunseterp.framework.entity.datasource.GenericDAO.selectListIteratorByCondition(GenericDAO.java:784) ~[main/:?]
	at org.sitenetsoft.sunseterp.framework.entity.datasource.GenericHelperDAO.findListIteratorByCondition(GenericHelperDAO.java:153) ~[main/:?]
	at org.sitenetsoft.sunseterp.framework.entity.GenericDelegator.find(GenericDelegator.java:1612) ~[main/:?]
	at org.sitenetsoft.sunseterp.framework.entity.GenericDelegator.findList(GenericDelegator.java:1660) [main/:?]
	at org.sitenetsoft.sunseterp.framework.entity.util.EntityQuery.query(EntityQuery.java:461) [main/:?]
	at org.sitenetsoft.sunseterp.framework.entity.util.EntityQuery.queryList(EntityQuery.java:390) [main/:?]
	at org.sitenetsoft.sunseterp.framework.entity.util.EntityQuery.queryOne(EntityQuery.java:434) [main/:?]
	at org.sitenetsoft.sunseterp.framework.entityext.data.EntityDataLoadContainer.createOrUpdateComponentEntities(EntityDataLoadContainer.java:301) [main/:?]
	at org.sitenetsoft.sunseterp.framework.entityext.data.EntityDataLoadContainer.loadDataForDelegator(EntityDataLoadContainer.java:171) [main/:?]
	at org.sitenetsoft.sunseterp.framework.entityext.data.EntityDataLoadContainer.init(EntityDataLoadContainer.java:105) [main/:?]
	at org.sitenetsoft.sunseterp.framework.base.container.ContainerLoader.loadContainer(ContainerLoader.java:160) [main/:?]
	at org.sitenetsoft.sunseterp.framework.base.container.ContainerLoader.loadContainersFromConfigurations(ContainerLoader.java:115) [main/:?]
	at org.sitenetsoft.sunseterp.framework.base.container.ContainerLoader.load(ContainerLoader.java:78) [main/:?]
	at org.sitenetsoft.sunseterp.framework.start.StartupControlPanel.loadContainers(StartupControlPanel.java:154) [main/:?]
	at org.sitenetsoft.sunseterp.framework.start.StartupControlPanel.start(StartupControlPanel.java:75) [main/:?]
	at org.sitenetsoft.sunseterp.framework.start.Start.main(Start.java:93) [main/:?]
	at org.sitenetsoft.sunseterp.cli.EntityCommand.loadAll(EntityCommand.java:37) [main/:?]
	at java.base/jdk.internal.reflect.NativeMethodAccessorImpl.invoke0(Native Method) ~[?:?]
	at java.base/jdk.internal.reflect.NativeMethodAccessorImpl.invoke(NativeMethodAccessorImpl.java:77) ~[?:?]
	at java.base/jdk.internal.reflect.DelegatingMethodAccessorImpl.invoke(DelegatingMethodAccessorImpl.java:43) ~[?:?]
	at java.base/java.lang.reflect.Method.invoke(Method.java:568) ~[?:?]
	at picocli.CommandLine.executeUserObject(CommandLine.java:2066) [picocli-4.7.5.jar:4.7.5]
	at picocli.CommandLine.access$1500(CommandLine.java:148) [picocli-4.7.5.jar:4.7.5]
	at picocli.CommandLine$RunLast.executeUserObjectOfLastSubcommandWithSameParent(CommandLine.java:2461) [picocli-4.7.5.jar:4.7.5]
	at picocli.CommandLine$RunLast.handle(CommandLine.java:2453) [picocli-4.7.5.jar:4.7.5]
	at picocli.CommandLine$RunLast.handle(CommandLine.java:2415) [picocli-4.7.5.jar:4.7.5]
	at picocli.CommandLine$AbstractParseResultHandler.execute(CommandLine.java:2273) [picocli-4.7.5.jar:4.7.5]
	at picocli.CommandLine$RunLast.execute(CommandLine.java:2417) [picocli-4.7.5.jar:4.7.5]
	at picocli.CommandLine.execute(CommandLine.java:2170) [picocli-4.7.5.jar:4.7.5]
	at org.sitenetsoft.sunseterp.cli.CliRunner.main(CliRunner.java:36) [main/:?]
Caused by: java.sql.SQLException: Connection can not be used while enlisted in another transaction
	at org.apache.commons.dbcp2.managed.ManagedConnection.updateTransactionStatus(ManagedConnection.java:243) ~[commons-dbcp2-2.12.0.jar:2.12.0]
	at org.apache.commons.dbcp2.managed.ManagedConnection.checkOpen(ManagedConnection.java:94) ~[commons-dbcp2-2.12.0.jar:2.12.0]
	at org.apache.commons.dbcp2.DelegatingConnection.getAutoCommit(DelegatingConnection.java:306) ~[commons-dbcp2-2.12.0.jar:2.12.0]
	at org.sitenetsoft.sunseterp.framework.entity.jdbc.SQLProcessor.getConnection(SQLProcessor.java:292) ~[main/:?]
	... 31 more
09:39:18.340 [main] ERROR org.sitenetsoft.sunseterp.framework.entityext.data.EntityDataLoadContainer - org.sitenetsoft.sunseterp.framework.entity.GenericDataSourceException: Cannot get autoCommit status from connection (Connection can not be used while enlisted in another transaction) (Cannot get autoCommit status from connection (Connection can not be used while enlisted in another transaction))
---====---====---getEntityHelperInfo---====---====---
entityName: Component
entityName: Component
this.delegatorBaseName: default
this.getEntityGroupName(entityName): org.sitenetsoft.sunseterp.framework.tenant
entityName: Component
this.delegatorBaseName: default
XXXXXXX-------XXXXXXXX-----getGroupHelperInfo-----XXXXXXX-------XXXXXXXX
XXXX - entityGroupName: org.sitenetsoft.sunseterp.framework.tenant
XXXX - helperBaseName: localderbytenant
XXXX - this.delegatorTenantId: null
XXXX - helperInfo: org.sitenetsoft.sunseterp.framework.entity.datasource.GenericHelperInfo@12c60152
XXXX - helperInfo: org.sitenetsoft.sunseterp.framework.entity.datasource.GenericHelperInfo@12c60152
XXXXXXXXXXXXXXXXXXXXXXXXXXXXXXXXXXXXXXXXXXXXXXXXXXXXXXXXXXXXXXXXXXXXXXXXXXXXX
this.getGroupHelperInfo(this.getEntityGroupName(entityName)): org.sitenetsoft.sunseterp.framework.entity.datasource.GenericHelperInfo@12c60152
---====---====---====---====---====---====---====---
entityName: Component
this.delegatorBaseName: default
XXXXXXX-------XXXXXXXX-----getGroupHelperInfo-----XXXXXXX-------XXXXXXXX
XXXX - entityGroupName: org.sitenetsoft.sunseterp.framework.tenant
XXXX - helperBaseName: localderbytenant
XXXX - this.delegatorTenantId: null
XXXX - helperInfo: org.sitenetsoft.sunseterp.framework.entity.datasource.GenericHelperInfo@2e807c54
XXXX - helperInfo: org.sitenetsoft.sunseterp.framework.entity.datasource.GenericHelperInfo@2e807c54
XXXXXXXXXXXXXXXXXXXXXXXXXXXXXXXXXXXXXXXXXXXXXXXXXXXXXXXXXXXXXXXXXXXXXXXXXXXXX
========getEntityHelper=======
entityName: Component
helperInfo: org.sitenetsoft.sunseterp.framework.entity.datasource.GenericHelperInfo@2e807c54
future = java.util.concurrent.FutureTask@2650f79[Completed normally]
09:39:18.342 [main] ERROR org.sitenetsoft.sunseterp.framework.entity.GenericDelegator - Failure in findByCondition operation for entity [Component]: org.sitenetsoft.sunseterp.framework.entity.GenericDataSourceException: Cannot get autoCommit status from connection (Connection can not be used while enlisted in another transaction). Rolling back transaction.
org.sitenetsoft.sunseterp.framework.entity.GenericDataSourceException: Cannot get autoCommit status from connection (Connection can not be used while enlisted in another transaction)
	at org.sitenetsoft.sunseterp.framework.entity.jdbc.SQLProcessor.getConnection(SQLProcessor.java:303) ~[main/:?]
	at org.sitenetsoft.sunseterp.framework.entity.jdbc.SQLProcessor.prepareStatement(SQLProcessor.java:366) ~[main/:?]
	at org.sitenetsoft.sunseterp.framework.entity.datasource.GenericDAO.selectListIteratorByCondition(GenericDAO.java:784) ~[main/:?]
	at org.sitenetsoft.sunseterp.framework.entity.datasource.GenericHelperDAO.findListIteratorByCondition(GenericHelperDAO.java:153) ~[main/:?]
	at org.sitenetsoft.sunseterp.framework.entity.GenericDelegator.find(GenericDelegator.java:1612) ~[main/:?]
	at org.sitenetsoft.sunseterp.framework.entity.GenericDelegator.findList(GenericDelegator.java:1660) [main/:?]
	at org.sitenetsoft.sunseterp.framework.entity.util.EntityQuery.query(EntityQuery.java:461) [main/:?]
	at org.sitenetsoft.sunseterp.framework.entity.util.EntityQuery.queryList(EntityQuery.java:390) [main/:?]
	at org.sitenetsoft.sunseterp.framework.entity.util.EntityQuery.queryOne(EntityQuery.java:434) [main/:?]
	at org.sitenetsoft.sunseterp.framework.entityext.data.EntityDataLoadContainer.createOrUpdateComponentEntities(EntityDataLoadContainer.java:301) [main/:?]
	at org.sitenetsoft.sunseterp.framework.entityext.data.EntityDataLoadContainer.loadDataForDelegator(EntityDataLoadContainer.java:171) [main/:?]
	at org.sitenetsoft.sunseterp.framework.entityext.data.EntityDataLoadContainer.init(EntityDataLoadContainer.java:105) [main/:?]
	at org.sitenetsoft.sunseterp.framework.base.container.ContainerLoader.loadContainer(ContainerLoader.java:160) [main/:?]
	at org.sitenetsoft.sunseterp.framework.base.container.ContainerLoader.loadContainersFromConfigurations(ContainerLoader.java:115) [main/:?]
	at org.sitenetsoft.sunseterp.framework.base.container.ContainerLoader.load(ContainerLoader.java:78) [main/:?]
	at org.sitenetsoft.sunseterp.framework.start.StartupControlPanel.loadContainers(StartupControlPanel.java:154) [main/:?]
	at org.sitenetsoft.sunseterp.framework.start.StartupControlPanel.start(StartupControlPanel.java:75) [main/:?]
	at org.sitenetsoft.sunseterp.framework.start.Start.main(Start.java:93) [main/:?]
	at org.sitenetsoft.sunseterp.cli.EntityCommand.loadAll(EntityCommand.java:37) [main/:?]
	at java.base/jdk.internal.reflect.NativeMethodAccessorImpl.invoke0(Native Method) ~[?:?]
	at java.base/jdk.internal.reflect.NativeMethodAccessorImpl.invoke(NativeMethodAccessorImpl.java:77) ~[?:?]
	at java.base/jdk.internal.reflect.DelegatingMethodAccessorImpl.invoke(DelegatingMethodAccessorImpl.java:43) ~[?:?]
	at java.base/java.lang.reflect.Method.invoke(Method.java:568) ~[?:?]
	at picocli.CommandLine.executeUserObject(CommandLine.java:2066) [picocli-4.7.5.jar:4.7.5]
	at picocli.CommandLine.access$1500(CommandLine.java:148) [picocli-4.7.5.jar:4.7.5]
	at picocli.CommandLine$RunLast.executeUserObjectOfLastSubcommandWithSameParent(CommandLine.java:2461) [picocli-4.7.5.jar:4.7.5]
	at picocli.CommandLine$RunLast.handle(CommandLine.java:2453) [picocli-4.7.5.jar:4.7.5]
	at picocli.CommandLine$RunLast.handle(CommandLine.java:2415) [picocli-4.7.5.jar:4.7.5]
	at picocli.CommandLine$AbstractParseResultHandler.execute(CommandLine.java:2273) [picocli-4.7.5.jar:4.7.5]
	at picocli.CommandLine$RunLast.execute(CommandLine.java:2417) [picocli-4.7.5.jar:4.7.5]
	at picocli.CommandLine.execute(CommandLine.java:2170) [picocli-4.7.5.jar:4.7.5]
	at org.sitenetsoft.sunseterp.cli.CliRunner.main(CliRunner.java:36) [main/:?]
Caused by: java.sql.SQLException: Connection can not be used while enlisted in another transaction
	at org.apache.commons.dbcp2.managed.ManagedConnection.updateTransactionStatus(ManagedConnection.java:243) ~[commons-dbcp2-2.12.0.jar:2.12.0]
	at org.apache.commons.dbcp2.managed.ManagedConnection.checkOpen(ManagedConnection.java:94) ~[commons-dbcp2-2.12.0.jar:2.12.0]
	at org.apache.commons.dbcp2.DelegatingConnection.getAutoCommit(DelegatingConnection.java:306) ~[commons-dbcp2-2.12.0.jar:2.12.0]
	at org.sitenetsoft.sunseterp.framework.entity.jdbc.SQLProcessor.getConnection(SQLProcessor.java:292) ~[main/:?]
	... 31 more
09:39:18.343 [main] ERROR org.sitenetsoft.sunseterp.framework.entityext.data.EntityDataLoadContainer - org.sitenetsoft.sunseterp.framework.entity.GenericDataSourceException: Cannot get autoCommit status from connection (Connection can not be used while enlisted in another transaction) (Cannot get autoCommit status from connection (Connection can not be used while enlisted in another transaction))
---====---====---getEntityHelperInfo---====---====---
entityName: Component
entityName: Component
this.delegatorBaseName: default
this.getEntityGroupName(entityName): org.sitenetsoft.sunseterp.framework.tenant
entityName: Component
this.delegatorBaseName: default
XXXXXXX-------XXXXXXXX-----getGroupHelperInfo-----XXXXXXX-------XXXXXXXX
XXXX - entityGroupName: org.sitenetsoft.sunseterp.framework.tenant
XXXX - helperBaseName: localderbytenant
XXXX - this.delegatorTenantId: null
XXXX - helperInfo: org.sitenetsoft.sunseterp.framework.entity.datasource.GenericHelperInfo@3e7c4815
XXXX - helperInfo: org.sitenetsoft.sunseterp.framework.entity.datasource.GenericHelperInfo@3e7c4815
XXXXXXXXXXXXXXXXXXXXXXXXXXXXXXXXXXXXXXXXXXXXXXXXXXXXXXXXXXXXXXXXXXXXXXXXXXXXX
this.getGroupHelperInfo(this.getEntityGroupName(entityName)): org.sitenetsoft.sunseterp.framework.entity.datasource.GenericHelperInfo@3e7c4815
---====---====---====---====---====---====---====---
entityName: Component
this.delegatorBaseName: default
XXXXXXX-------XXXXXXXX-----getGroupHelperInfo-----XXXXXXX-------XXXXXXXX
XXXX - entityGroupName: org.sitenetsoft.sunseterp.framework.tenant
XXXX - helperBaseName: localderbytenant
XXXX - this.delegatorTenantId: null
XXXX - helperInfo: org.sitenetsoft.sunseterp.framework.entity.datasource.GenericHelperInfo@27df0f3d
XXXX - helperInfo: org.sitenetsoft.sunseterp.framework.entity.datasource.GenericHelperInfo@27df0f3d
XXXXXXXXXXXXXXXXXXXXXXXXXXXXXXXXXXXXXXXXXXXXXXXXXXXXXXXXXXXXXXXXXXXXXXXXXXXXX
========getEntityHelper=======
entityName: Component
helperInfo: org.sitenetsoft.sunseterp.framework.entity.datasource.GenericHelperInfo@27df0f3d
future = java.util.concurrent.FutureTask@2650f79[Completed normally]
09:39:18.346 [main] ERROR org.sitenetsoft.sunseterp.framework.entity.GenericDelegator - Failure in findByCondition operation for entity [Component]: org.sitenetsoft.sunseterp.framework.entity.GenericDataSourceException: Cannot get autoCommit status from connection (Connection can not be used while enlisted in another transaction). Rolling back transaction.
org.sitenetsoft.sunseterp.framework.entity.GenericDataSourceException: Cannot get autoCommit status from connection (Connection can not be used while enlisted in another transaction)
	at org.sitenetsoft.sunseterp.framework.entity.jdbc.SQLProcessor.getConnection(SQLProcessor.java:303) ~[main/:?]
	at org.sitenetsoft.sunseterp.framework.entity.jdbc.SQLProcessor.prepareStatement(SQLProcessor.java:366) ~[main/:?]
	at org.sitenetsoft.sunseterp.framework.entity.datasource.GenericDAO.selectListIteratorByCondition(GenericDAO.java:784) ~[main/:?]
	at org.sitenetsoft.sunseterp.framework.entity.datasource.GenericHelperDAO.findListIteratorByCondition(GenericHelperDAO.java:153) ~[main/:?]
	at org.sitenetsoft.sunseterp.framework.entity.GenericDelegator.find(GenericDelegator.java:1612) ~[main/:?]
	at org.sitenetsoft.sunseterp.framework.entity.GenericDelegator.findList(GenericDelegator.java:1660) [main/:?]
	at org.sitenetsoft.sunseterp.framework.entity.util.EntityQuery.query(EntityQuery.java:461) [main/:?]
	at org.sitenetsoft.sunseterp.framework.entity.util.EntityQuery.queryList(EntityQuery.java:390) [main/:?]
	at org.sitenetsoft.sunseterp.framework.entity.util.EntityQuery.queryOne(EntityQuery.java:434) [main/:?]
	at org.sitenetsoft.sunseterp.framework.entityext.data.EntityDataLoadContainer.createOrUpdateComponentEntities(EntityDataLoadContainer.java:301) [main/:?]
	at org.sitenetsoft.sunseterp.framework.entityext.data.EntityDataLoadContainer.loadDataForDelegator(EntityDataLoadContainer.java:171) [main/:?]
	at org.sitenetsoft.sunseterp.framework.entityext.data.EntityDataLoadContainer.init(EntityDataLoadContainer.java:105) [main/:?]
	at org.sitenetsoft.sunseterp.framework.base.container.ContainerLoader.loadContainer(ContainerLoader.java:160) [main/:?]
	at org.sitenetsoft.sunseterp.framework.base.container.ContainerLoader.loadContainersFromConfigurations(ContainerLoader.java:115) [main/:?]
	at org.sitenetsoft.sunseterp.framework.base.container.ContainerLoader.load(ContainerLoader.java:78) [main/:?]
	at org.sitenetsoft.sunseterp.framework.start.StartupControlPanel.loadContainers(StartupControlPanel.java:154) [main/:?]
	at org.sitenetsoft.sunseterp.framework.start.StartupControlPanel.start(StartupControlPanel.java:75) [main/:?]
	at org.sitenetsoft.sunseterp.framework.start.Start.main(Start.java:93) [main/:?]
	at org.sitenetsoft.sunseterp.cli.EntityCommand.loadAll(EntityCommand.java:37) [main/:?]
	at java.base/jdk.internal.reflect.NativeMethodAccessorImpl.invoke0(Native Method) ~[?:?]
	at java.base/jdk.internal.reflect.NativeMethodAccessorImpl.invoke(NativeMethodAccessorImpl.java:77) ~[?:?]
	at java.base/jdk.internal.reflect.DelegatingMethodAccessorImpl.invoke(DelegatingMethodAccessorImpl.java:43) ~[?:?]
	at java.base/java.lang.reflect.Method.invoke(Method.java:568) ~[?:?]
	at picocli.CommandLine.executeUserObject(CommandLine.java:2066) [picocli-4.7.5.jar:4.7.5]
	at picocli.CommandLine.access$1500(CommandLine.java:148) [picocli-4.7.5.jar:4.7.5]
	at picocli.CommandLine$RunLast.executeUserObjectOfLastSubcommandWithSameParent(CommandLine.java:2461) [picocli-4.7.5.jar:4.7.5]
	at picocli.CommandLine$RunLast.handle(CommandLine.java:2453) [picocli-4.7.5.jar:4.7.5]
	at picocli.CommandLine$RunLast.handle(CommandLine.java:2415) [picocli-4.7.5.jar:4.7.5]
	at picocli.CommandLine$AbstractParseResultHandler.execute(CommandLine.java:2273) [picocli-4.7.5.jar:4.7.5]
	at picocli.CommandLine$RunLast.execute(CommandLine.java:2417) [picocli-4.7.5.jar:4.7.5]
	at picocli.CommandLine.execute(CommandLine.java:2170) [picocli-4.7.5.jar:4.7.5]
	at org.sitenetsoft.sunseterp.cli.CliRunner.main(CliRunner.java:36) [main/:?]
Caused by: java.sql.SQLException: Connection can not be used while enlisted in another transaction
	at org.apache.commons.dbcp2.managed.ManagedConnection.updateTransactionStatus(ManagedConnection.java:243) ~[commons-dbcp2-2.12.0.jar:2.12.0]
	at org.apache.commons.dbcp2.managed.ManagedConnection.checkOpen(ManagedConnection.java:94) ~[commons-dbcp2-2.12.0.jar:2.12.0]
	at org.apache.commons.dbcp2.DelegatingConnection.getAutoCommit(DelegatingConnection.java:306) ~[commons-dbcp2-2.12.0.jar:2.12.0]
	at org.sitenetsoft.sunseterp.framework.entity.jdbc.SQLProcessor.getConnection(SQLProcessor.java:292) ~[main/:?]
	... 31 more
09:39:18.348 [main] ERROR org.sitenetsoft.sunseterp.framework.entityext.data.EntityDataLoadContainer - org.sitenetsoft.sunseterp.framework.entity.GenericDataSourceException: Cannot get autoCommit status from connection (Connection can not be used while enlisted in another transaction) (Cannot get autoCommit status from connection (Connection can not be used while enlisted in another transaction))
---====---====---getEntityHelperInfo---====---====---
entityName: Component
entityName: Component
this.delegatorBaseName: default
this.getEntityGroupName(entityName): org.sitenetsoft.sunseterp.framework.tenant
entityName: Component
this.delegatorBaseName: default
XXXXXXX-------XXXXXXXX-----getGroupHelperInfo-----XXXXXXX-------XXXXXXXX
XXXX - entityGroupName: org.sitenetsoft.sunseterp.framework.tenant
XXXX - helperBaseName: localderbytenant
XXXX - this.delegatorTenantId: null
XXXX - helperInfo: org.sitenetsoft.sunseterp.framework.entity.datasource.GenericHelperInfo@260a3a5e
XXXX - helperInfo: org.sitenetsoft.sunseterp.framework.entity.datasource.GenericHelperInfo@260a3a5e
XXXXXXXXXXXXXXXXXXXXXXXXXXXXXXXXXXXXXXXXXXXXXXXXXXXXXXXXXXXXXXXXXXXXXXXXXXXXX
this.getGroupHelperInfo(this.getEntityGroupName(entityName)): org.sitenetsoft.sunseterp.framework.entity.datasource.GenericHelperInfo@260a3a5e
---====---====---====---====---====---====---====---
entityName: Component
this.delegatorBaseName: default
XXXXXXX-------XXXXXXXX-----getGroupHelperInfo-----XXXXXXX-------XXXXXXXX
XXXX - entityGroupName: org.sitenetsoft.sunseterp.framework.tenant
XXXX - helperBaseName: localderbytenant
XXXX - this.delegatorTenantId: null
XXXX - helperInfo: org.sitenetsoft.sunseterp.framework.entity.datasource.GenericHelperInfo@49206065
XXXX - helperInfo: org.sitenetsoft.sunseterp.framework.entity.datasource.GenericHelperInfo@49206065
XXXXXXXXXXXXXXXXXXXXXXXXXXXXXXXXXXXXXXXXXXXXXXXXXXXXXXXXXXXXXXXXXXXXXXXXXXXXX
========getEntityHelper=======
entityName: Component
helperInfo: org.sitenetsoft.sunseterp.framework.entity.datasource.GenericHelperInfo@49206065
future = java.util.concurrent.FutureTask@2650f79[Completed normally]
09:39:18.349 [main] ERROR org.sitenetsoft.sunseterp.framework.entity.GenericDelegator - Failure in findByCondition operation for entity [Component]: org.sitenetsoft.sunseterp.framework.entity.GenericDataSourceException: Cannot get autoCommit status from connection (Connection can not be used while enlisted in another transaction). Rolling back transaction.
org.sitenetsoft.sunseterp.framework.entity.GenericDataSourceException: Cannot get autoCommit status from connection (Connection can not be used while enlisted in another transaction)
	at org.sitenetsoft.sunseterp.framework.entity.jdbc.SQLProcessor.getConnection(SQLProcessor.java:303) ~[main/:?]
	at org.sitenetsoft.sunseterp.framework.entity.jdbc.SQLProcessor.prepareStatement(SQLProcessor.java:366) ~[main/:?]
	at org.sitenetsoft.sunseterp.framework.entity.datasource.GenericDAO.selectListIteratorByCondition(GenericDAO.java:784) ~[main/:?]
	at org.sitenetsoft.sunseterp.framework.entity.datasource.GenericHelperDAO.findListIteratorByCondition(GenericHelperDAO.java:153) ~[main/:?]
	at org.sitenetsoft.sunseterp.framework.entity.GenericDelegator.find(GenericDelegator.java:1612) ~[main/:?]
	at org.sitenetsoft.sunseterp.framework.entity.GenericDelegator.findList(GenericDelegator.java:1660) [main/:?]
	at org.sitenetsoft.sunseterp.framework.entity.util.EntityQuery.query(EntityQuery.java:461) [main/:?]
	at org.sitenetsoft.sunseterp.framework.entity.util.EntityQuery.queryList(EntityQuery.java:390) [main/:?]
	at org.sitenetsoft.sunseterp.framework.entity.util.EntityQuery.queryOne(EntityQuery.java:434) [main/:?]
	at org.sitenetsoft.sunseterp.framework.entityext.data.EntityDataLoadContainer.createOrUpdateComponentEntities(EntityDataLoadContainer.java:301) [main/:?]
	at org.sitenetsoft.sunseterp.framework.entityext.data.EntityDataLoadContainer.loadDataForDelegator(EntityDataLoadContainer.java:171) [main/:?]
	at org.sitenetsoft.sunseterp.framework.entityext.data.EntityDataLoadContainer.init(EntityDataLoadContainer.java:105) [main/:?]
	at org.sitenetsoft.sunseterp.framework.base.container.ContainerLoader.loadContainer(ContainerLoader.java:160) [main/:?]
	at org.sitenetsoft.sunseterp.framework.base.container.ContainerLoader.loadContainersFromConfigurations(ContainerLoader.java:115) [main/:?]
	at org.sitenetsoft.sunseterp.framework.base.container.ContainerLoader.load(ContainerLoader.java:78) [main/:?]
	at org.sitenetsoft.sunseterp.framework.start.StartupControlPanel.loadContainers(StartupControlPanel.java:154) [main/:?]
	at org.sitenetsoft.sunseterp.framework.start.StartupControlPanel.start(StartupControlPanel.java:75) [main/:?]
	at org.sitenetsoft.sunseterp.framework.start.Start.main(Start.java:93) [main/:?]
	at org.sitenetsoft.sunseterp.cli.EntityCommand.loadAll(EntityCommand.java:37) [main/:?]
	at java.base/jdk.internal.reflect.NativeMethodAccessorImpl.invoke0(Native Method) ~[?:?]
	at java.base/jdk.internal.reflect.NativeMethodAccessorImpl.invoke(NativeMethodAccessorImpl.java:77) ~[?:?]
	at java.base/jdk.internal.reflect.DelegatingMethodAccessorImpl.invoke(DelegatingMethodAccessorImpl.java:43) ~[?:?]
	at java.base/java.lang.reflect.Method.invoke(Method.java:568) ~[?:?]
	at picocli.CommandLine.executeUserObject(CommandLine.java:2066) [picocli-4.7.5.jar:4.7.5]
	at picocli.CommandLine.access$1500(CommandLine.java:148) [picocli-4.7.5.jar:4.7.5]
	at picocli.CommandLine$RunLast.executeUserObjectOfLastSubcommandWithSameParent(CommandLine.java:2461) [picocli-4.7.5.jar:4.7.5]
	at picocli.CommandLine$RunLast.handle(CommandLine.java:2453) [picocli-4.7.5.jar:4.7.5]
	at picocli.CommandLine$RunLast.handle(CommandLine.java:2415) [picocli-4.7.5.jar:4.7.5]
	at picocli.CommandLine$AbstractParseResultHandler.execute(CommandLine.java:2273) [picocli-4.7.5.jar:4.7.5]
	at picocli.CommandLine$RunLast.execute(CommandLine.java:2417) [picocli-4.7.5.jar:4.7.5]
	at picocli.CommandLine.execute(CommandLine.java:2170) [picocli-4.7.5.jar:4.7.5]
	at org.sitenetsoft.sunseterp.cli.CliRunner.main(CliRunner.java:36) [main/:?]
Caused by: java.sql.SQLException: Connection can not be used while enlisted in another transaction
	at org.apache.commons.dbcp2.managed.ManagedConnection.updateTransactionStatus(ManagedConnection.java:243) ~[commons-dbcp2-2.12.0.jar:2.12.0]
	at org.apache.commons.dbcp2.managed.ManagedConnection.checkOpen(ManagedConnection.java:94) ~[commons-dbcp2-2.12.0.jar:2.12.0]
	at org.apache.commons.dbcp2.DelegatingConnection.getAutoCommit(DelegatingConnection.java:306) ~[commons-dbcp2-2.12.0.jar:2.12.0]
	at org.sitenetsoft.sunseterp.framework.entity.jdbc.SQLProcessor.getConnection(SQLProcessor.java:292) ~[main/:?]
	... 31 more
09:39:18.350 [main] ERROR org.sitenetsoft.sunseterp.framework.entityext.data.EntityDataLoadContainer - org.sitenetsoft.sunseterp.framework.entity.GenericDataSourceException: Cannot get autoCommit status from connection (Connection can not be used while enlisted in another transaction) (Cannot get autoCommit status from connection (Connection can not be used while enlisted in another transaction))
---====---====---getEntityHelperInfo---====---====---
entityName: Component
entityName: Component
this.delegatorBaseName: default
this.getEntityGroupName(entityName): org.sitenetsoft.sunseterp.framework.tenant
entityName: Component
this.delegatorBaseName: default
XXXXXXX-------XXXXXXXX-----getGroupHelperInfo-----XXXXXXX-------XXXXXXXX
XXXX - entityGroupName: org.sitenetsoft.sunseterp.framework.tenant
XXXX - helperBaseName: localderbytenant
XXXX - this.delegatorTenantId: null
XXXX - helperInfo: org.sitenetsoft.sunseterp.framework.entity.datasource.GenericHelperInfo@4743a322
XXXX - helperInfo: org.sitenetsoft.sunseterp.framework.entity.datasource.GenericHelperInfo@4743a322
XXXXXXXXXXXXXXXXXXXXXXXXXXXXXXXXXXXXXXXXXXXXXXXXXXXXXXXXXXXXXXXXXXXXXXXXXXXXX
this.getGroupHelperInfo(this.getEntityGroupName(entityName)): org.sitenetsoft.sunseterp.framework.entity.datasource.GenericHelperInfo@4743a322
---====---====---====---====---====---====---====---
entityName: Component
this.delegatorBaseName: default
XXXXXXX-------XXXXXXXX-----getGroupHelperInfo-----XXXXXXX-------XXXXXXXX
XXXX - entityGroupName: org.sitenetsoft.sunseterp.framework.tenant
XXXX - helperBaseName: localderbytenant
XXXX - this.delegatorTenantId: null
XXXX - helperInfo: org.sitenetsoft.sunseterp.framework.entity.datasource.GenericHelperInfo@79316f3a
XXXX - helperInfo: org.sitenetsoft.sunseterp.framework.entity.datasource.GenericHelperInfo@79316f3a
XXXXXXXXXXXXXXXXXXXXXXXXXXXXXXXXXXXXXXXXXXXXXXXXXXXXXXXXXXXXXXXXXXXXXXXXXXXXX
========getEntityHelper=======
entityName: Component
helperInfo: org.sitenetsoft.sunseterp.framework.entity.datasource.GenericHelperInfo@79316f3a
future = java.util.concurrent.FutureTask@2650f79[Completed normally]
09:39:18.352 [main] ERROR org.sitenetsoft.sunseterp.framework.entity.GenericDelegator - Failure in findByCondition operation for entity [Component]: org.sitenetsoft.sunseterp.framework.entity.GenericDataSourceException: Cannot get autoCommit status from connection (Connection can not be used while enlisted in another transaction). Rolling back transaction.
org.sitenetsoft.sunseterp.framework.entity.GenericDataSourceException: Cannot get autoCommit status from connection (Connection can not be used while enlisted in another transaction)
	at org.sitenetsoft.sunseterp.framework.entity.jdbc.SQLProcessor.getConnection(SQLProcessor.java:303) ~[main/:?]
	at org.sitenetsoft.sunseterp.framework.entity.jdbc.SQLProcessor.prepareStatement(SQLProcessor.java:366) ~[main/:?]
	at org.sitenetsoft.sunseterp.framework.entity.datasource.GenericDAO.selectListIteratorByCondition(GenericDAO.java:784) ~[main/:?]
	at org.sitenetsoft.sunseterp.framework.entity.datasource.GenericHelperDAO.findListIteratorByCondition(GenericHelperDAO.java:153) ~[main/:?]
	at org.sitenetsoft.sunseterp.framework.entity.GenericDelegator.find(GenericDelegator.java:1612) ~[main/:?]
	at org.sitenetsoft.sunseterp.framework.entity.GenericDelegator.findList(GenericDelegator.java:1660) [main/:?]
	at org.sitenetsoft.sunseterp.framework.entity.util.EntityQuery.query(EntityQuery.java:461) [main/:?]
	at org.sitenetsoft.sunseterp.framework.entity.util.EntityQuery.queryList(EntityQuery.java:390) [main/:?]
	at org.sitenetsoft.sunseterp.framework.entity.util.EntityQuery.queryOne(EntityQuery.java:434) [main/:?]
	at org.sitenetsoft.sunseterp.framework.entityext.data.EntityDataLoadContainer.createOrUpdateComponentEntities(EntityDataLoadContainer.java:301) [main/:?]
	at org.sitenetsoft.sunseterp.framework.entityext.data.EntityDataLoadContainer.loadDataForDelegator(EntityDataLoadContainer.java:171) [main/:?]
	at org.sitenetsoft.sunseterp.framework.entityext.data.EntityDataLoadContainer.init(EntityDataLoadContainer.java:105) [main/:?]
	at org.sitenetsoft.sunseterp.framework.base.container.ContainerLoader.loadContainer(ContainerLoader.java:160) [main/:?]
	at org.sitenetsoft.sunseterp.framework.base.container.ContainerLoader.loadContainersFromConfigurations(ContainerLoader.java:115) [main/:?]
	at org.sitenetsoft.sunseterp.framework.base.container.ContainerLoader.load(ContainerLoader.java:78) [main/:?]
	at org.sitenetsoft.sunseterp.framework.start.StartupControlPanel.loadContainers(StartupControlPanel.java:154) [main/:?]
	at org.sitenetsoft.sunseterp.framework.start.StartupControlPanel.start(StartupControlPanel.java:75) [main/:?]
	at org.sitenetsoft.sunseterp.framework.start.Start.main(Start.java:93) [main/:?]
	at org.sitenetsoft.sunseterp.cli.EntityCommand.loadAll(EntityCommand.java:37) [main/:?]
	at java.base/jdk.internal.reflect.NativeMethodAccessorImpl.invoke0(Native Method) ~[?:?]
	at java.base/jdk.internal.reflect.NativeMethodAccessorImpl.invoke(NativeMethodAccessorImpl.java:77) ~[?:?]
	at java.base/jdk.internal.reflect.DelegatingMethodAccessorImpl.invoke(DelegatingMethodAccessorImpl.java:43) ~[?:?]
	at java.base/java.lang.reflect.Method.invoke(Method.java:568) ~[?:?]
	at picocli.CommandLine.executeUserObject(CommandLine.java:2066) [picocli-4.7.5.jar:4.7.5]
	at picocli.CommandLine.access$1500(CommandLine.java:148) [picocli-4.7.5.jar:4.7.5]
	at picocli.CommandLine$RunLast.executeUserObjectOfLastSubcommandWithSameParent(CommandLine.java:2461) [picocli-4.7.5.jar:4.7.5]
	at picocli.CommandLine$RunLast.handle(CommandLine.java:2453) [picocli-4.7.5.jar:4.7.5]
	at picocli.CommandLine$RunLast.handle(CommandLine.java:2415) [picocli-4.7.5.jar:4.7.5]
	at picocli.CommandLine$AbstractParseResultHandler.execute(CommandLine.java:2273) [picocli-4.7.5.jar:4.7.5]
	at picocli.CommandLine$RunLast.execute(CommandLine.java:2417) [picocli-4.7.5.jar:4.7.5]
	at picocli.CommandLine.execute(CommandLine.java:2170) [picocli-4.7.5.jar:4.7.5]
	at org.sitenetsoft.sunseterp.cli.CliRunner.main(CliRunner.java:36) [main/:?]
Caused by: java.sql.SQLException: Connection can not be used while enlisted in another transaction
	at org.apache.commons.dbcp2.managed.ManagedConnection.updateTransactionStatus(ManagedConnection.java:243) ~[commons-dbcp2-2.12.0.jar:2.12.0]
	at org.apache.commons.dbcp2.managed.ManagedConnection.checkOpen(ManagedConnection.java:94) ~[commons-dbcp2-2.12.0.jar:2.12.0]
	at org.apache.commons.dbcp2.DelegatingConnection.getAutoCommit(DelegatingConnection.java:306) ~[commons-dbcp2-2.12.0.jar:2.12.0]
	at org.sitenetsoft.sunseterp.framework.entity.jdbc.SQLProcessor.getConnection(SQLProcessor.java:292) ~[main/:?]
	... 31 more
09:39:18.353 [main] ERROR org.sitenetsoft.sunseterp.framework.entityext.data.EntityDataLoadContainer - org.sitenetsoft.sunseterp.framework.entity.GenericDataSourceException: Cannot get autoCommit status from connection (Connection can not be used while enlisted in another transaction) (Cannot get autoCommit status from connection (Connection can not be used while enlisted in another transaction))
---====---====---getEntityHelperInfo---====---====---
entityName: Component
entityName: Component
this.delegatorBaseName: default
this.getEntityGroupName(entityName): org.sitenetsoft.sunseterp.framework.tenant
entityName: Component
this.delegatorBaseName: default
XXXXXXX-------XXXXXXXX-----getGroupHelperInfo-----XXXXXXX-------XXXXXXXX
XXXX - entityGroupName: org.sitenetsoft.sunseterp.framework.tenant
XXXX - helperBaseName: localderbytenant
XXXX - this.delegatorTenantId: null
XXXX - helperInfo: org.sitenetsoft.sunseterp.framework.entity.datasource.GenericHelperInfo@ebd06a9
XXXX - helperInfo: org.sitenetsoft.sunseterp.framework.entity.datasource.GenericHelperInfo@ebd06a9
XXXXXXXXXXXXXXXXXXXXXXXXXXXXXXXXXXXXXXXXXXXXXXXXXXXXXXXXXXXXXXXXXXXXXXXXXXXXX
this.getGroupHelperInfo(this.getEntityGroupName(entityName)): org.sitenetsoft.sunseterp.framework.entity.datasource.GenericHelperInfo@ebd06a9
---====---====---====---====---====---====---====---
entityName: Component
this.delegatorBaseName: default
XXXXXXX-------XXXXXXXX-----getGroupHelperInfo-----XXXXXXX-------XXXXXXXX
XXXX - entityGroupName: org.sitenetsoft.sunseterp.framework.tenant
XXXX - helperBaseName: localderbytenant
XXXX - this.delegatorTenantId: null
XXXX - helperInfo: org.sitenetsoft.sunseterp.framework.entity.datasource.GenericHelperInfo@16c587de
XXXX - helperInfo: org.sitenetsoft.sunseterp.framework.entity.datasource.GenericHelperInfo@16c587de
XXXXXXXXXXXXXXXXXXXXXXXXXXXXXXXXXXXXXXXXXXXXXXXXXXXXXXXXXXXXXXXXXXXXXXXXXXXXX
========getEntityHelper=======
entityName: Component
helperInfo: org.sitenetsoft.sunseterp.framework.entity.datasource.GenericHelperInfo@16c587de
future = java.util.concurrent.FutureTask@2650f79[Completed normally]
09:39:18.357 [main] ERROR org.sitenetsoft.sunseterp.framework.entity.GenericDelegator - Failure in findByCondition operation for entity [Component]: org.sitenetsoft.sunseterp.framework.entity.GenericDataSourceException: Cannot get autoCommit status from connection (Connection can not be used while enlisted in another transaction). Rolling back transaction.
org.sitenetsoft.sunseterp.framework.entity.GenericDataSourceException: Cannot get autoCommit status from connection (Connection can not be used while enlisted in another transaction)
	at org.sitenetsoft.sunseterp.framework.entity.jdbc.SQLProcessor.getConnection(SQLProcessor.java:303) ~[main/:?]
	at org.sitenetsoft.sunseterp.framework.entity.jdbc.SQLProcessor.prepareStatement(SQLProcessor.java:366) ~[main/:?]
	at org.sitenetsoft.sunseterp.framework.entity.datasource.GenericDAO.selectListIteratorByCondition(GenericDAO.java:784) ~[main/:?]
	at org.sitenetsoft.sunseterp.framework.entity.datasource.GenericHelperDAO.findListIteratorByCondition(GenericHelperDAO.java:153) ~[main/:?]
	at org.sitenetsoft.sunseterp.framework.entity.GenericDelegator.find(GenericDelegator.java:1612) ~[main/:?]
	at org.sitenetsoft.sunseterp.framework.entity.GenericDelegator.findList(GenericDelegator.java:1660) [main/:?]
	at org.sitenetsoft.sunseterp.framework.entity.util.EntityQuery.query(EntityQuery.java:461) [main/:?]
	at org.sitenetsoft.sunseterp.framework.entity.util.EntityQuery.queryList(EntityQuery.java:390) [main/:?]
	at org.sitenetsoft.sunseterp.framework.entity.util.EntityQuery.queryOne(EntityQuery.java:434) [main/:?]
	at org.sitenetsoft.sunseterp.framework.entityext.data.EntityDataLoadContainer.createOrUpdateComponentEntities(EntityDataLoadContainer.java:301) [main/:?]
	at org.sitenetsoft.sunseterp.framework.entityext.data.EntityDataLoadContainer.loadDataForDelegator(EntityDataLoadContainer.java:171) [main/:?]
	at org.sitenetsoft.sunseterp.framework.entityext.data.EntityDataLoadContainer.init(EntityDataLoadContainer.java:105) [main/:?]
	at org.sitenetsoft.sunseterp.framework.base.container.ContainerLoader.loadContainer(ContainerLoader.java:160) [main/:?]
	at org.sitenetsoft.sunseterp.framework.base.container.ContainerLoader.loadContainersFromConfigurations(ContainerLoader.java:115) [main/:?]
	at org.sitenetsoft.sunseterp.framework.base.container.ContainerLoader.load(ContainerLoader.java:78) [main/:?]
	at org.sitenetsoft.sunseterp.framework.start.StartupControlPanel.loadContainers(StartupControlPanel.java:154) [main/:?]
	at org.sitenetsoft.sunseterp.framework.start.StartupControlPanel.start(StartupControlPanel.java:75) [main/:?]
	at org.sitenetsoft.sunseterp.framework.start.Start.main(Start.java:93) [main/:?]
	at org.sitenetsoft.sunseterp.cli.EntityCommand.loadAll(EntityCommand.java:37) [main/:?]
	at java.base/jdk.internal.reflect.NativeMethodAccessorImpl.invoke0(Native Method) ~[?:?]
	at java.base/jdk.internal.reflect.NativeMethodAccessorImpl.invoke(NativeMethodAccessorImpl.java:77) ~[?:?]
	at java.base/jdk.internal.reflect.DelegatingMethodAccessorImpl.invoke(DelegatingMethodAccessorImpl.java:43) ~[?:?]
	at java.base/java.lang.reflect.Method.invoke(Method.java:568) ~[?:?]
	at picocli.CommandLine.executeUserObject(CommandLine.java:2066) [picocli-4.7.5.jar:4.7.5]
	at picocli.CommandLine.access$1500(CommandLine.java:148) [picocli-4.7.5.jar:4.7.5]
	at picocli.CommandLine$RunLast.executeUserObjectOfLastSubcommandWithSameParent(CommandLine.java:2461) [picocli-4.7.5.jar:4.7.5]
	at picocli.CommandLine$RunLast.handle(CommandLine.java:2453) [picocli-4.7.5.jar:4.7.5]
	at picocli.CommandLine$RunLast.handle(CommandLine.java:2415) [picocli-4.7.5.jar:4.7.5]
	at picocli.CommandLine$AbstractParseResultHandler.execute(CommandLine.java:2273) [picocli-4.7.5.jar:4.7.5]
	at picocli.CommandLine$RunLast.execute(CommandLine.java:2417) [picocli-4.7.5.jar:4.7.5]
	at picocli.CommandLine.execute(CommandLine.java:2170) [picocli-4.7.5.jar:4.7.5]
	at org.sitenetsoft.sunseterp.cli.CliRunner.main(CliRunner.java:36) [main/:?]
Caused by: java.sql.SQLException: Connection can not be used while enlisted in another transaction
	at org.apache.commons.dbcp2.managed.ManagedConnection.updateTransactionStatus(ManagedConnection.java:243) ~[commons-dbcp2-2.12.0.jar:2.12.0]
	at org.apache.commons.dbcp2.managed.ManagedConnection.checkOpen(ManagedConnection.java:94) ~[commons-dbcp2-2.12.0.jar:2.12.0]
	at org.apache.commons.dbcp2.DelegatingConnection.getAutoCommit(DelegatingConnection.java:306) ~[commons-dbcp2-2.12.0.jar:2.12.0]
	at org.sitenetsoft.sunseterp.framework.entity.jdbc.SQLProcessor.getConnection(SQLProcessor.java:292) ~[main/:?]
	... 31 more
09:39:18.358 [main] ERROR org.sitenetsoft.sunseterp.framework.entityext.data.EntityDataLoadContainer - org.sitenetsoft.sunseterp.framework.entity.GenericDataSourceException: Cannot get autoCommit status from connection (Connection can not be used while enlisted in another transaction) (Cannot get autoCommit status from connection (Connection can not be used while enlisted in another transaction))
---====---====---getEntityHelperInfo---====---====---
entityName: Component
entityName: Component
this.delegatorBaseName: default
this.getEntityGroupName(entityName): org.sitenetsoft.sunseterp.framework.tenant
entityName: Component
this.delegatorBaseName: default
XXXXXXX-------XXXXXXXX-----getGroupHelperInfo-----XXXXXXX-------XXXXXXXX
XXXX - entityGroupName: org.sitenetsoft.sunseterp.framework.tenant
XXXX - helperBaseName: localderbytenant
XXXX - this.delegatorTenantId: null
XXXX - helperInfo: org.sitenetsoft.sunseterp.framework.entity.datasource.GenericHelperInfo@5e1fc2aa
XXXX - helperInfo: org.sitenetsoft.sunseterp.framework.entity.datasource.GenericHelperInfo@5e1fc2aa
XXXXXXXXXXXXXXXXXXXXXXXXXXXXXXXXXXXXXXXXXXXXXXXXXXXXXXXXXXXXXXXXXXXXXXXXXXXXX
this.getGroupHelperInfo(this.getEntityGroupName(entityName)): org.sitenetsoft.sunseterp.framework.entity.datasource.GenericHelperInfo@5e1fc2aa
---====---====---====---====---====---====---====---
entityName: Component
this.delegatorBaseName: default
XXXXXXX-------XXXXXXXX-----getGroupHelperInfo-----XXXXXXX-------XXXXXXXX
XXXX - entityGroupName: org.sitenetsoft.sunseterp.framework.tenant
XXXX - helperBaseName: localderbytenant
XXXX - this.delegatorTenantId: null
XXXX - helperInfo: org.sitenetsoft.sunseterp.framework.entity.datasource.GenericHelperInfo@688d411b
XXXX - helperInfo: org.sitenetsoft.sunseterp.framework.entity.datasource.GenericHelperInfo@688d411b
XXXXXXXXXXXXXXXXXXXXXXXXXXXXXXXXXXXXXXXXXXXXXXXXXXXXXXXXXXXXXXXXXXXXXXXXXXXXX
========getEntityHelper=======
entityName: Component
helperInfo: org.sitenetsoft.sunseterp.framework.entity.datasource.GenericHelperInfo@688d411b
future = java.util.concurrent.FutureTask@2650f79[Completed normally]
09:39:18.361 [main] ERROR org.sitenetsoft.sunseterp.framework.entity.GenericDelegator - Failure in findByCondition operation for entity [Component]: org.sitenetsoft.sunseterp.framework.entity.GenericDataSourceException: Cannot get autoCommit status from connection (Connection can not be used while enlisted in another transaction). Rolling back transaction.
org.sitenetsoft.sunseterp.framework.entity.GenericDataSourceException: Cannot get autoCommit status from connection (Connection can not be used while enlisted in another transaction)
	at org.sitenetsoft.sunseterp.framework.entity.jdbc.SQLProcessor.getConnection(SQLProcessor.java:303) ~[main/:?]
	at org.sitenetsoft.sunseterp.framework.entity.jdbc.SQLProcessor.prepareStatement(SQLProcessor.java:366) ~[main/:?]
	at org.sitenetsoft.sunseterp.framework.entity.datasource.GenericDAO.selectListIteratorByCondition(GenericDAO.java:784) ~[main/:?]
	at org.sitenetsoft.sunseterp.framework.entity.datasource.GenericHelperDAO.findListIteratorByCondition(GenericHelperDAO.java:153) ~[main/:?]
	at org.sitenetsoft.sunseterp.framework.entity.GenericDelegator.find(GenericDelegator.java:1612) ~[main/:?]
	at org.sitenetsoft.sunseterp.framework.entity.GenericDelegator.findList(GenericDelegator.java:1660) [main/:?]
	at org.sitenetsoft.sunseterp.framework.entity.util.EntityQuery.query(EntityQuery.java:461) [main/:?]
	at org.sitenetsoft.sunseterp.framework.entity.util.EntityQuery.queryList(EntityQuery.java:390) [main/:?]
	at org.sitenetsoft.sunseterp.framework.entity.util.EntityQuery.queryOne(EntityQuery.java:434) [main/:?]
	at org.sitenetsoft.sunseterp.framework.entityext.data.EntityDataLoadContainer.createOrUpdateComponentEntities(EntityDataLoadContainer.java:301) [main/:?]
	at org.sitenetsoft.sunseterp.framework.entityext.data.EntityDataLoadContainer.loadDataForDelegator(EntityDataLoadContainer.java:171) [main/:?]
	at org.sitenetsoft.sunseterp.framework.entityext.data.EntityDataLoadContainer.init(EntityDataLoadContainer.java:105) [main/:?]
	at org.sitenetsoft.sunseterp.framework.base.container.ContainerLoader.loadContainer(ContainerLoader.java:160) [main/:?]
	at org.sitenetsoft.sunseterp.framework.base.container.ContainerLoader.loadContainersFromConfigurations(ContainerLoader.java:115) [main/:?]
	at org.sitenetsoft.sunseterp.framework.base.container.ContainerLoader.load(ContainerLoader.java:78) [main/:?]
	at org.sitenetsoft.sunseterp.framework.start.StartupControlPanel.loadContainers(StartupControlPanel.java:154) [main/:?]
	at org.sitenetsoft.sunseterp.framework.start.StartupControlPanel.start(StartupControlPanel.java:75) [main/:?]
	at org.sitenetsoft.sunseterp.framework.start.Start.main(Start.java:93) [main/:?]
	at org.sitenetsoft.sunseterp.cli.EntityCommand.loadAll(EntityCommand.java:37) [main/:?]
	at java.base/jdk.internal.reflect.NativeMethodAccessorImpl.invoke0(Native Method) ~[?:?]
	at java.base/jdk.internal.reflect.NativeMethodAccessorImpl.invoke(NativeMethodAccessorImpl.java:77) ~[?:?]
	at java.base/jdk.internal.reflect.DelegatingMethodAccessorImpl.invoke(DelegatingMethodAccessorImpl.java:43) ~[?:?]
	at java.base/java.lang.reflect.Method.invoke(Method.java:568) ~[?:?]
	at picocli.CommandLine.executeUserObject(CommandLine.java:2066) [picocli-4.7.5.jar:4.7.5]
	at picocli.CommandLine.access$1500(CommandLine.java:148) [picocli-4.7.5.jar:4.7.5]
	at picocli.CommandLine$RunLast.executeUserObjectOfLastSubcommandWithSameParent(CommandLine.java:2461) [picocli-4.7.5.jar:4.7.5]
	at picocli.CommandLine$RunLast.handle(CommandLine.java:2453) [picocli-4.7.5.jar:4.7.5]
	at picocli.CommandLine$RunLast.handle(CommandLine.java:2415) [picocli-4.7.5.jar:4.7.5]
	at picocli.CommandLine$AbstractParseResultHandler.execute(CommandLine.java:2273) [picocli-4.7.5.jar:4.7.5]
	at picocli.CommandLine$RunLast.execute(CommandLine.java:2417) [picocli-4.7.5.jar:4.7.5]
	at picocli.CommandLine.execute(CommandLine.java:2170) [picocli-4.7.5.jar:4.7.5]
	at org.sitenetsoft.sunseterp.cli.CliRunner.main(CliRunner.java:36) [main/:?]
Caused by: java.sql.SQLException: Connection can not be used while enlisted in another transaction
	at org.apache.commons.dbcp2.managed.ManagedConnection.updateTransactionStatus(ManagedConnection.java:243) ~[commons-dbcp2-2.12.0.jar:2.12.0]
	at org.apache.commons.dbcp2.managed.ManagedConnection.checkOpen(ManagedConnection.java:94) ~[commons-dbcp2-2.12.0.jar:2.12.0]
	at org.apache.commons.dbcp2.DelegatingConnection.getAutoCommit(DelegatingConnection.java:306) ~[commons-dbcp2-2.12.0.jar:2.12.0]
	at org.sitenetsoft.sunseterp.framework.entity.jdbc.SQLProcessor.getConnection(SQLProcessor.java:292) ~[main/:?]
	... 31 more
09:39:18.362 [main] ERROR org.sitenetsoft.sunseterp.framework.entityext.data.EntityDataLoadContainer - org.sitenetsoft.sunseterp.framework.entity.GenericDataSourceException: Cannot get autoCommit status from connection (Connection can not be used while enlisted in another transaction) (Cannot get autoCommit status from connection (Connection can not be used while enlisted in another transaction))
---====---====---getEntityHelperInfo---====---====---
entityName: Component
entityName: Component
this.delegatorBaseName: default
this.getEntityGroupName(entityName): org.sitenetsoft.sunseterp.framework.tenant
entityName: Component
this.delegatorBaseName: default
XXXXXXX-------XXXXXXXX-----getGroupHelperInfo-----XXXXXXX-------XXXXXXXX
XXXX - entityGroupName: org.sitenetsoft.sunseterp.framework.tenant
XXXX - helperBaseName: localderbytenant
XXXX - this.delegatorTenantId: null
XXXX - helperInfo: org.sitenetsoft.sunseterp.framework.entity.datasource.GenericHelperInfo@4eb1c69
XXXX - helperInfo: org.sitenetsoft.sunseterp.framework.entity.datasource.GenericHelperInfo@4eb1c69
XXXXXXXXXXXXXXXXXXXXXXXXXXXXXXXXXXXXXXXXXXXXXXXXXXXXXXXXXXXXXXXXXXXXXXXXXXXXX
this.getGroupHelperInfo(this.getEntityGroupName(entityName)): org.sitenetsoft.sunseterp.framework.entity.datasource.GenericHelperInfo@4eb1c69
---====---====---====---====---====---====---====---
entityName: Component
this.delegatorBaseName: default
XXXXXXX-------XXXXXXXX-----getGroupHelperInfo-----XXXXXXX-------XXXXXXXX
XXXX - entityGroupName: org.sitenetsoft.sunseterp.framework.tenant
XXXX - helperBaseName: localderbytenant
XXXX - this.delegatorTenantId: null
XXXX - helperInfo: org.sitenetsoft.sunseterp.framework.entity.datasource.GenericHelperInfo@73d3e555
XXXX - helperInfo: org.sitenetsoft.sunseterp.framework.entity.datasource.GenericHelperInfo@73d3e555
XXXXXXXXXXXXXXXXXXXXXXXXXXXXXXXXXXXXXXXXXXXXXXXXXXXXXXXXXXXXXXXXXXXXXXXXXXXXX
========getEntityHelper=======
entityName: Component
helperInfo: org.sitenetsoft.sunseterp.framework.entity.datasource.GenericHelperInfo@73d3e555
future = java.util.concurrent.FutureTask@2650f79[Completed normally]
09:39:18.366 [main] ERROR org.sitenetsoft.sunseterp.framework.entity.GenericDelegator - Failure in findByCondition operation for entity [Component]: org.sitenetsoft.sunseterp.framework.entity.GenericDataSourceException: Cannot get autoCommit status from connection (Connection can not be used while enlisted in another transaction). Rolling back transaction.
org.sitenetsoft.sunseterp.framework.entity.GenericDataSourceException: Cannot get autoCommit status from connection (Connection can not be used while enlisted in another transaction)
	at org.sitenetsoft.sunseterp.framework.entity.jdbc.SQLProcessor.getConnection(SQLProcessor.java:303) ~[main/:?]
	at org.sitenetsoft.sunseterp.framework.entity.jdbc.SQLProcessor.prepareStatement(SQLProcessor.java:366) ~[main/:?]
	at org.sitenetsoft.sunseterp.framework.entity.datasource.GenericDAO.selectListIteratorByCondition(GenericDAO.java:784) ~[main/:?]
	at org.sitenetsoft.sunseterp.framework.entity.datasource.GenericHelperDAO.findListIteratorByCondition(GenericHelperDAO.java:153) ~[main/:?]
	at org.sitenetsoft.sunseterp.framework.entity.GenericDelegator.find(GenericDelegator.java:1612) ~[main/:?]
	at org.sitenetsoft.sunseterp.framework.entity.GenericDelegator.findList(GenericDelegator.java:1660) [main/:?]
	at org.sitenetsoft.sunseterp.framework.entity.util.EntityQuery.query(EntityQuery.java:461) [main/:?]
	at org.sitenetsoft.sunseterp.framework.entity.util.EntityQuery.queryList(EntityQuery.java:390) [main/:?]
	at org.sitenetsoft.sunseterp.framework.entity.util.EntityQuery.queryOne(EntityQuery.java:434) [main/:?]
	at org.sitenetsoft.sunseterp.framework.entityext.data.EntityDataLoadContainer.createOrUpdateComponentEntities(EntityDataLoadContainer.java:301) [main/:?]
	at org.sitenetsoft.sunseterp.framework.entityext.data.EntityDataLoadContainer.loadDataForDelegator(EntityDataLoadContainer.java:171) [main/:?]
	at org.sitenetsoft.sunseterp.framework.entityext.data.EntityDataLoadContainer.init(EntityDataLoadContainer.java:105) [main/:?]
	at org.sitenetsoft.sunseterp.framework.base.container.ContainerLoader.loadContainer(ContainerLoader.java:160) [main/:?]
	at org.sitenetsoft.sunseterp.framework.base.container.ContainerLoader.loadContainersFromConfigurations(ContainerLoader.java:115) [main/:?]
	at org.sitenetsoft.sunseterp.framework.base.container.ContainerLoader.load(ContainerLoader.java:78) [main/:?]
	at org.sitenetsoft.sunseterp.framework.start.StartupControlPanel.loadContainers(StartupControlPanel.java:154) [main/:?]
	at org.sitenetsoft.sunseterp.framework.start.StartupControlPanel.start(StartupControlPanel.java:75) [main/:?]
	at org.sitenetsoft.sunseterp.framework.start.Start.main(Start.java:93) [main/:?]
	at org.sitenetsoft.sunseterp.cli.EntityCommand.loadAll(EntityCommand.java:37) [main/:?]
	at java.base/jdk.internal.reflect.NativeMethodAccessorImpl.invoke0(Native Method) ~[?:?]
	at java.base/jdk.internal.reflect.NativeMethodAccessorImpl.invoke(NativeMethodAccessorImpl.java:77) ~[?:?]
	at java.base/jdk.internal.reflect.DelegatingMethodAccessorImpl.invoke(DelegatingMethodAccessorImpl.java:43) ~[?:?]
	at java.base/java.lang.reflect.Method.invoke(Method.java:568) ~[?:?]
	at picocli.CommandLine.executeUserObject(CommandLine.java:2066) [picocli-4.7.5.jar:4.7.5]
	at picocli.CommandLine.access$1500(CommandLine.java:148) [picocli-4.7.5.jar:4.7.5]
	at picocli.CommandLine$RunLast.executeUserObjectOfLastSubcommandWithSameParent(CommandLine.java:2461) [picocli-4.7.5.jar:4.7.5]
	at picocli.CommandLine$RunLast.handle(CommandLine.java:2453) [picocli-4.7.5.jar:4.7.5]
	at picocli.CommandLine$RunLast.handle(CommandLine.java:2415) [picocli-4.7.5.jar:4.7.5]
	at picocli.CommandLine$AbstractParseResultHandler.execute(CommandLine.java:2273) [picocli-4.7.5.jar:4.7.5]
	at picocli.CommandLine$RunLast.execute(CommandLine.java:2417) [picocli-4.7.5.jar:4.7.5]
	at picocli.CommandLine.execute(CommandLine.java:2170) [picocli-4.7.5.jar:4.7.5]
	at org.sitenetsoft.sunseterp.cli.CliRunner.main(CliRunner.java:36) [main/:?]
Caused by: java.sql.SQLException: Connection can not be used while enlisted in another transaction
	at org.apache.commons.dbcp2.managed.ManagedConnection.updateTransactionStatus(ManagedConnection.java:243) ~[commons-dbcp2-2.12.0.jar:2.12.0]
	at org.apache.commons.dbcp2.managed.ManagedConnection.checkOpen(ManagedConnection.java:94) ~[commons-dbcp2-2.12.0.jar:2.12.0]
	at org.apache.commons.dbcp2.DelegatingConnection.getAutoCommit(DelegatingConnection.java:306) ~[commons-dbcp2-2.12.0.jar:2.12.0]
	at org.sitenetsoft.sunseterp.framework.entity.jdbc.SQLProcessor.getConnection(SQLProcessor.java:292) ~[main/:?]
	... 31 more
09:39:18.367 [main] ERROR org.sitenetsoft.sunseterp.framework.entityext.data.EntityDataLoadContainer - org.sitenetsoft.sunseterp.framework.entity.GenericDataSourceException: Cannot get autoCommit status from connection (Connection can not be used while enlisted in another transaction) (Cannot get autoCommit status from connection (Connection can not be used while enlisted in another transaction))
---====---====---getEntityHelperInfo---====---====---
entityName: Component
entityName: Component
this.delegatorBaseName: default
this.getEntityGroupName(entityName): org.sitenetsoft.sunseterp.framework.tenant
entityName: Component
this.delegatorBaseName: default
XXXXXXX-------XXXXXXXX-----getGroupHelperInfo-----XXXXXXX-------XXXXXXXX
XXXX - entityGroupName: org.sitenetsoft.sunseterp.framework.tenant
XXXX - helperBaseName: localderbytenant
XXXX - this.delegatorTenantId: null
XXXX - helperInfo: org.sitenetsoft.sunseterp.framework.entity.datasource.GenericHelperInfo@396ef8b2
XXXX - helperInfo: org.sitenetsoft.sunseterp.framework.entity.datasource.GenericHelperInfo@396ef8b2
XXXXXXXXXXXXXXXXXXXXXXXXXXXXXXXXXXXXXXXXXXXXXXXXXXXXXXXXXXXXXXXXXXXXXXXXXXXXX
this.getGroupHelperInfo(this.getEntityGroupName(entityName)): org.sitenetsoft.sunseterp.framework.entity.datasource.GenericHelperInfo@396ef8b2
---====---====---====---====---====---====---====---
entityName: Component
this.delegatorBaseName: default
XXXXXXX-------XXXXXXXX-----getGroupHelperInfo-----XXXXXXX-------XXXXXXXX
XXXX - entityGroupName: org.sitenetsoft.sunseterp.framework.tenant
XXXX - helperBaseName: localderbytenant
XXXX - this.delegatorTenantId: null
XXXX - helperInfo: org.sitenetsoft.sunseterp.framework.entity.datasource.GenericHelperInfo@72825400
XXXX - helperInfo: org.sitenetsoft.sunseterp.framework.entity.datasource.GenericHelperInfo@72825400
XXXXXXXXXXXXXXXXXXXXXXXXXXXXXXXXXXXXXXXXXXXXXXXXXXXXXXXXXXXXXXXXXXXXXXXXXXXXX
========getEntityHelper=======
entityName: Component
helperInfo: org.sitenetsoft.sunseterp.framework.entity.datasource.GenericHelperInfo@72825400
future = java.util.concurrent.FutureTask@2650f79[Completed normally]
09:39:18.369 [main] ERROR org.sitenetsoft.sunseterp.framework.entity.GenericDelegator - Failure in findByCondition operation for entity [Component]: org.sitenetsoft.sunseterp.framework.entity.GenericDataSourceException: Cannot get autoCommit status from connection (Connection can not be used while enlisted in another transaction). Rolling back transaction.
org.sitenetsoft.sunseterp.framework.entity.GenericDataSourceException: Cannot get autoCommit status from connection (Connection can not be used while enlisted in another transaction)
	at org.sitenetsoft.sunseterp.framework.entity.jdbc.SQLProcessor.getConnection(SQLProcessor.java:303) ~[main/:?]
	at org.sitenetsoft.sunseterp.framework.entity.jdbc.SQLProcessor.prepareStatement(SQLProcessor.java:366) ~[main/:?]
	at org.sitenetsoft.sunseterp.framework.entity.datasource.GenericDAO.selectListIteratorByCondition(GenericDAO.java:784) ~[main/:?]
	at org.sitenetsoft.sunseterp.framework.entity.datasource.GenericHelperDAO.findListIteratorByCondition(GenericHelperDAO.java:153) ~[main/:?]
	at org.sitenetsoft.sunseterp.framework.entity.GenericDelegator.find(GenericDelegator.java:1612) ~[main/:?]
	at org.sitenetsoft.sunseterp.framework.entity.GenericDelegator.findList(GenericDelegator.java:1660) [main/:?]
	at org.sitenetsoft.sunseterp.framework.entity.util.EntityQuery.query(EntityQuery.java:461) [main/:?]
	at org.sitenetsoft.sunseterp.framework.entity.util.EntityQuery.queryList(EntityQuery.java:390) [main/:?]
	at org.sitenetsoft.sunseterp.framework.entity.util.EntityQuery.queryOne(EntityQuery.java:434) [main/:?]
	at org.sitenetsoft.sunseterp.framework.entityext.data.EntityDataLoadContainer.createOrUpdateComponentEntities(EntityDataLoadContainer.java:301) [main/:?]
	at org.sitenetsoft.sunseterp.framework.entityext.data.EntityDataLoadContainer.loadDataForDelegator(EntityDataLoadContainer.java:171) [main/:?]
	at org.sitenetsoft.sunseterp.framework.entityext.data.EntityDataLoadContainer.init(EntityDataLoadContainer.java:105) [main/:?]
	at org.sitenetsoft.sunseterp.framework.base.container.ContainerLoader.loadContainer(ContainerLoader.java:160) [main/:?]
	at org.sitenetsoft.sunseterp.framework.base.container.ContainerLoader.loadContainersFromConfigurations(ContainerLoader.java:115) [main/:?]
	at org.sitenetsoft.sunseterp.framework.base.container.ContainerLoader.load(ContainerLoader.java:78) [main/:?]
	at org.sitenetsoft.sunseterp.framework.start.StartupControlPanel.loadContainers(StartupControlPanel.java:154) [main/:?]
	at org.sitenetsoft.sunseterp.framework.start.StartupControlPanel.start(StartupControlPanel.java:75) [main/:?]
	at org.sitenetsoft.sunseterp.framework.start.Start.main(Start.java:93) [main/:?]
	at org.sitenetsoft.sunseterp.cli.EntityCommand.loadAll(EntityCommand.java:37) [main/:?]
	at java.base/jdk.internal.reflect.NativeMethodAccessorImpl.invoke0(Native Method) ~[?:?]
	at java.base/jdk.internal.reflect.NativeMethodAccessorImpl.invoke(NativeMethodAccessorImpl.java:77) ~[?:?]
	at java.base/jdk.internal.reflect.DelegatingMethodAccessorImpl.invoke(DelegatingMethodAccessorImpl.java:43) ~[?:?]
	at java.base/java.lang.reflect.Method.invoke(Method.java:568) ~[?:?]
	at picocli.CommandLine.executeUserObject(CommandLine.java:2066) [picocli-4.7.5.jar:4.7.5]
	at picocli.CommandLine.access$1500(CommandLine.java:148) [picocli-4.7.5.jar:4.7.5]
	at picocli.CommandLine$RunLast.executeUserObjectOfLastSubcommandWithSameParent(CommandLine.java:2461) [picocli-4.7.5.jar:4.7.5]
	at picocli.CommandLine$RunLast.handle(CommandLine.java:2453) [picocli-4.7.5.jar:4.7.5]
	at picocli.CommandLine$RunLast.handle(CommandLine.java:2415) [picocli-4.7.5.jar:4.7.5]
	at picocli.CommandLine$AbstractParseResultHandler.execute(CommandLine.java:2273) [picocli-4.7.5.jar:4.7.5]
	at picocli.CommandLine$RunLast.execute(CommandLine.java:2417) [picocli-4.7.5.jar:4.7.5]
	at picocli.CommandLine.execute(CommandLine.java:2170) [picocli-4.7.5.jar:4.7.5]
	at org.sitenetsoft.sunseterp.cli.CliRunner.main(CliRunner.java:36) [main/:?]
Caused by: java.sql.SQLException: Connection can not be used while enlisted in another transaction
	at org.apache.commons.dbcp2.managed.ManagedConnection.updateTransactionStatus(ManagedConnection.java:243) ~[commons-dbcp2-2.12.0.jar:2.12.0]
	at org.apache.commons.dbcp2.managed.ManagedConnection.checkOpen(ManagedConnection.java:94) ~[commons-dbcp2-2.12.0.jar:2.12.0]
	at org.apache.commons.dbcp2.DelegatingConnection.getAutoCommit(DelegatingConnection.java:306) ~[commons-dbcp2-2.12.0.jar:2.12.0]
	at org.sitenetsoft.sunseterp.framework.entity.jdbc.SQLProcessor.getConnection(SQLProcessor.java:292) ~[main/:?]
	... 31 more
09:39:18.370 [main] ERROR org.sitenetsoft.sunseterp.framework.entityext.data.EntityDataLoadContainer - org.sitenetsoft.sunseterp.framework.entity.GenericDataSourceException: Cannot get autoCommit status from connection (Connection can not be used while enlisted in another transaction) (Cannot get autoCommit status from connection (Connection can not be used while enlisted in another transaction))
---====---====---getEntityHelperInfo---====---====---
entityName: SecurityPermission
entityName: SecurityPermission
this.delegatorBaseName: default
this.getEntityGroupName(entityName): org.sitenetsoft.sunseterp
entityName: SecurityPermission
this.delegatorBaseName: default
XXXXXXX-------XXXXXXXX-----getGroupHelperInfo-----XXXXXXX-------XXXXXXXX
XXXX - entityGroupName: org.sitenetsoft.sunseterp
XXXX - helperBaseName: null
this.getGroupHelperInfo(this.getEntityGroupName(entityName)): null
---====---====---====---====---====---====---====---
entityName: SecurityPermission
this.delegatorBaseName: default
XXXXXXX-------XXXXXXXX-----getGroupHelperInfo-----XXXXXXX-------XXXXXXXX
XXXX - entityGroupName: org.sitenetsoft.sunseterp
XXXX - helperBaseName: null
========getEntityHelper=======
entityName: SecurityPermission
helperInfo: null
entityName: SecurityPermission
this.delegatorBaseName: default
09:39:18.452 [main] ERROR org.sitenetsoft.sunseterp.framework.entity.GenericDelegator - Failure in storeAll operation: org.sitenetsoft.sunseterp.framework.entity.GenericEntityException: There is no datasource (Helper) configured for the entity-group [org.sitenetsoft.sunseterp]; was trying to find datasource (helper) for entity [SecurityPermission]. Rolling back transaction.
org.sitenetsoft.sunseterp.framework.entity.GenericEntityException: There is no datasource (Helper) configured for the entity-group [org.sitenetsoft.sunseterp]; was trying to find datasource (helper) for entity [SecurityPermission]
	at org.sitenetsoft.sunseterp.framework.entity.GenericDelegator.getEntityHelper(GenericDelegator.java:581) ~[main/:?]
	at org.sitenetsoft.sunseterp.framework.entity.GenericDelegator.storeAll(GenericDelegator.java:1350) [main/:?]
	at org.sitenetsoft.sunseterp.framework.entity.util.EntitySaxReader.writeValues(EntitySaxReader.java:301) [main/:?]
	at org.sitenetsoft.sunseterp.framework.entity.util.EntitySaxReader.parse(EntitySaxReader.java:271) [main/:?]
	at org.sitenetsoft.sunseterp.framework.entity.util.EntitySaxReader.parse(EntitySaxReader.java:248) [main/:?]
	at org.sitenetsoft.sunseterp.framework.entity.util.EntityDataLoader.loadData(EntityDataLoader.java:262) [main/:?]
	at org.sitenetsoft.sunseterp.framework.entityext.data.EntityDataLoadContainer.loadData(EntityDataLoadContainer.java:446) [main/:?]
	at org.sitenetsoft.sunseterp.framework.entityext.data.EntityDataLoadContainer.loadDataForDelegator(EntityDataLoadContainer.java:183) [main/:?]
	at org.sitenetsoft.sunseterp.framework.entityext.data.EntityDataLoadContainer.init(EntityDataLoadContainer.java:105) [main/:?]
	at org.sitenetsoft.sunseterp.framework.base.container.ContainerLoader.loadContainer(ContainerLoader.java:160) [main/:?]
	at org.sitenetsoft.sunseterp.framework.base.container.ContainerLoader.loadContainersFromConfigurations(ContainerLoader.java:115) [main/:?]
	at org.sitenetsoft.sunseterp.framework.base.container.ContainerLoader.load(ContainerLoader.java:78) [main/:?]
	at org.sitenetsoft.sunseterp.framework.start.StartupControlPanel.loadContainers(StartupControlPanel.java:154) [main/:?]
	at org.sitenetsoft.sunseterp.framework.start.StartupControlPanel.start(StartupControlPanel.java:75) [main/:?]
	at org.sitenetsoft.sunseterp.framework.start.Start.main(Start.java:93) [main/:?]
	at org.sitenetsoft.sunseterp.cli.EntityCommand.loadAll(EntityCommand.java:37) [main/:?]
	at java.base/jdk.internal.reflect.NativeMethodAccessorImpl.invoke0(Native Method) ~[?:?]
	at java.base/jdk.internal.reflect.NativeMethodAccessorImpl.invoke(NativeMethodAccessorImpl.java:77) ~[?:?]
	at java.base/jdk.internal.reflect.DelegatingMethodAccessorImpl.invoke(DelegatingMethodAccessorImpl.java:43) ~[?:?]
	at java.base/java.lang.reflect.Method.invoke(Method.java:568) ~[?:?]
	at picocli.CommandLine.executeUserObject(CommandLine.java:2066) [picocli-4.7.5.jar:4.7.5]
	at picocli.CommandLine.access$1500(CommandLine.java:148) [picocli-4.7.5.jar:4.7.5]
	at picocli.CommandLine$RunLast.executeUserObjectOfLastSubcommandWithSameParent(CommandLine.java:2461) [picocli-4.7.5.jar:4.7.5]
	at picocli.CommandLine$RunLast.handle(CommandLine.java:2453) [picocli-4.7.5.jar:4.7.5]
	at picocli.CommandLine$RunLast.handle(CommandLine.java:2415) [picocli-4.7.5.jar:4.7.5]
	at picocli.CommandLine$AbstractParseResultHandler.execute(CommandLine.java:2273) [picocli-4.7.5.jar:4.7.5]
	at picocli.CommandLine$RunLast.execute(CommandLine.java:2417) [picocli-4.7.5.jar:4.7.5]
	at picocli.CommandLine.execute(CommandLine.java:2170) [picocli-4.7.5.jar:4.7.5]
	at org.sitenetsoft.sunseterp.cli.CliRunner.main(CliRunner.java:36) [main/:?]
09:39:18.456 [main] ERROR org.sitenetsoft.sunseterp.framework.entity.util.EntitySaxReader - An error occurred saving the data, rolling back transaction (true)
org.sitenetsoft.sunseterp.framework.entity.GenericEntityException: org.sitenetsoft.sunseterp.framework.entity.GenericEntityException: There is no datasource (Helper) configured for the entity-group [org.sitenetsoft.sunseterp]; was trying to find datasource (helper) for entity [SecurityPermission] (There is no datasource (Helper) configured for the entity-group [org.sitenetsoft.sunseterp]; was trying to find datasource (helper) for entity [SecurityPermission])
	at org.sitenetsoft.sunseterp.framework.entity.GenericDelegator.storeAll(GenericDelegator.java:1404) ~[main/:?]
	at org.sitenetsoft.sunseterp.framework.entity.util.EntitySaxReader.writeValues(EntitySaxReader.java:301) ~[main/:?]
	at org.sitenetsoft.sunseterp.framework.entity.util.EntitySaxReader.parse(EntitySaxReader.java:271) [main/:?]
	at org.sitenetsoft.sunseterp.framework.entity.util.EntitySaxReader.parse(EntitySaxReader.java:248) [main/:?]
	at org.sitenetsoft.sunseterp.framework.entity.util.EntityDataLoader.loadData(EntityDataLoader.java:262) [main/:?]
	at org.sitenetsoft.sunseterp.framework.entityext.data.EntityDataLoadContainer.loadData(EntityDataLoadContainer.java:446) [main/:?]
	at org.sitenetsoft.sunseterp.framework.entityext.data.EntityDataLoadContainer.loadDataForDelegator(EntityDataLoadContainer.java:183) [main/:?]
	at org.sitenetsoft.sunseterp.framework.entityext.data.EntityDataLoadContainer.init(EntityDataLoadContainer.java:105) [main/:?]
	at org.sitenetsoft.sunseterp.framework.base.container.ContainerLoader.loadContainer(ContainerLoader.java:160) [main/:?]
	at org.sitenetsoft.sunseterp.framework.base.container.ContainerLoader.loadContainersFromConfigurations(ContainerLoader.java:115) [main/:?]
	at org.sitenetsoft.sunseterp.framework.base.container.ContainerLoader.load(ContainerLoader.java:78) [main/:?]
	at org.sitenetsoft.sunseterp.framework.start.StartupControlPanel.loadContainers(StartupControlPanel.java:154) [main/:?]
	at org.sitenetsoft.sunseterp.framework.start.StartupControlPanel.start(StartupControlPanel.java:75) [main/:?]
	at org.sitenetsoft.sunseterp.framework.start.Start.main(Start.java:93) [main/:?]
	at org.sitenetsoft.sunseterp.cli.EntityCommand.loadAll(EntityCommand.java:37) [main/:?]
	at java.base/jdk.internal.reflect.NativeMethodAccessorImpl.invoke0(Native Method) ~[?:?]
	at java.base/jdk.internal.reflect.NativeMethodAccessorImpl.invoke(NativeMethodAccessorImpl.java:77) ~[?:?]
	at java.base/jdk.internal.reflect.DelegatingMethodAccessorImpl.invoke(DelegatingMethodAccessorImpl.java:43) ~[?:?]
	at java.base/java.lang.reflect.Method.invoke(Method.java:568) ~[?:?]
	at picocli.CommandLine.executeUserObject(CommandLine.java:2066) [picocli-4.7.5.jar:4.7.5]
	at picocli.CommandLine.access$1500(CommandLine.java:148) [picocli-4.7.5.jar:4.7.5]
	at picocli.CommandLine$RunLast.executeUserObjectOfLastSubcommandWithSameParent(CommandLine.java:2461) [picocli-4.7.5.jar:4.7.5]
	at picocli.CommandLine$RunLast.handle(CommandLine.java:2453) [picocli-4.7.5.jar:4.7.5]
	at picocli.CommandLine$RunLast.handle(CommandLine.java:2415) [picocli-4.7.5.jar:4.7.5]
	at picocli.CommandLine$AbstractParseResultHandler.execute(CommandLine.java:2273) [picocli-4.7.5.jar:4.7.5]
	at picocli.CommandLine$RunLast.execute(CommandLine.java:2417) [picocli-4.7.5.jar:4.7.5]
	at picocli.CommandLine.execute(CommandLine.java:2170) [picocli-4.7.5.jar:4.7.5]
	at org.sitenetsoft.sunseterp.cli.CliRunner.main(CliRunner.java:36) [main/:?]
Caused by: org.sitenetsoft.sunseterp.framework.entity.GenericEntityException: There is no datasource (Helper) configured for the entity-group [org.sitenetsoft.sunseterp]; was trying to find datasource (helper) for entity [SecurityPermission]
	at org.sitenetsoft.sunseterp.framework.entity.GenericDelegator.getEntityHelper(GenericDelegator.java:581) ~[main/:?]
	at org.sitenetsoft.sunseterp.framework.entity.GenericDelegator.storeAll(GenericDelegator.java:1350) ~[main/:?]
	... 27 more

> Task :SunsetERP FAILED
6 actionable tasks: 1 executed, 5 up-to-date
